ResidueID,LipidId,0,1,2,3,4,5,6,7,8,9,10,11,12
7,878,0,1,0,0,0,0,0,0,0,0,0,0,0
8,834,0,1,0,0,0,0,0,0,0,0,0,0,0
9,834,0,1,0,0,0,0,0,0,0,0,0,0,0
9,845,0,0,0,1,0,0,0,1,0,0,0,0,0
9,854,0,0,0,1,0,0,0,0,0,0,0,0,0
9,859,1,1,1,0,0,0,0,0,0,0,0,0,0
9,866,0,0,0,0,0,0,0,0,0,0,0,1,0
10,834,0,1,0,0,0,0,0,0,0,0,0,0,0
10,859,0,1,0,0,0,0,0,0,0,0,0,0,0
10,861,0,0,1,0,1,0,0,0,0,0,0,0,0
11,642,0,1,0,0,0,0,0,0,0,0,0,0,0
11,827,0,0,0,1,1,0,1,1,1,1,0,1,1
11,834,1,1,1,1,1,1,1,0,0,0,0,0,0
11,845,0,0,1,1,1,0,1,1,0,1,1,1,1
11,848,0,0,0,0,0,1,0,0,0,0,0,0,0
11,854,0,0,0,1,0,0,0,0,0,0,0,0,0
11,859,1,1,1,0,0,0,0,0,0,0,0,0,0
11,866,1,0,0,1,0,0,0,1,1,0,0,1,0
11,871,0,0,0,0,0,0,0,0,0,0,0,0,1
12,561,0,0,0,0,0,0,1,1,0,0,0,0,0
12,579,1,0,0,0,0,0,0,0,0,0,0,0,0
12,642,1,0,0,0,0,0,0,0,0,0,0,0,0
12,653,0,0,0,1,0,0,0,0,0,0,0,0,0
12,819,0,0,0,1,0,0,0,0,0,1,1,0,0
12,826,0,0,0,0,0,0,0,0,0,0,1,0,1
12,827,0,1,1,1,1,1,1,1,1,1,1,1,1
12,828,0,0,0,0,1,0,1,0,0,0,0,0,0
12,834,1,1,0,1,1,1,1,0,0,0,0,0,0
12,838,1,0,0,0,0,0,0,0,0,0,0,0,0
12,845,0,0,1,1,1,0,1,0,0,1,1,1,1
12,846,0,0,0,0,0,0,0,0,0,1,0,0,0
12,859,1,0,0,0,0,0,0,0,0,0,0,0,0
12,866,0,1,1,1,0,0,0,0,0,0,0,0,0
12,871,0,0,0,0,0,0,0,0,0,0,0,0,1
13,823,1,1,0,1,0,1,1,1,1,1,1,0,1
13,825,1,0,0,0,0,0,0,0,0,0,0,0,0
13,826,0,0,0,0,0,0,0,0,0,0,1,1,1
13,827,0,0,0,0,0,0,0,1,0,0,0,0,0
13,834,0,0,0,0,0,1,0,0,0,0,0,0,0
13,838,1,0,0,0,0,0,0,0,0,0,0,0,0
14,861,0,0,0,0,1,0,0,0,0,0,0,0,0
15,861,0,0,0,0,1,0,0,0,0,0,0,0,0
17,861,0,0,0,0,1,0,0,0,0,0,0,0,0
19,860,0,0,0,0,1,0,0,0,0,0,0,0,0
19,861,0,0,0,0,1,0,0,0,0,0,0,0,0
22,854,0,1,0,0,0,0,0,0,0,0,0,0,0
23,854,0,1,0,0,0,0,0,0,0,0,0,0,0
23,860,0,0,1,1,1,0,0,0,0,0,0,0,0
24,845,1,0,0,1,0,0,0,1,0,0,0,0,0
24,854,0,1,0,0,0,0,0,0,0,0,0,0,0
24,859,1,0,1,0,0,0,0,0,0,0,0,0,0
24,861,0,0,0,1,0,0,0,0,0,0,0,0,0
24,866,0,0,0,0,0,0,0,0,0,0,0,1,0
24,878,0,1,0,0,0,0,0,0,0,0,0,0,0
25,843,1,0,0,1,0,0,0,0,0,0,0,0,0
25,853,0,0,0,0,0,0,0,0,0,0,1,1,0
25,854,0,1,0,0,0,0,0,0,0,0,0,0,0
25,860,0,0,0,1,0,1,0,0,0,0,0,0,0
25,861,1,1,1,1,1,0,0,1,0,1,0,0,0
26,843,1,0,0,0,0,0,0,0,0,0,0,0,0
26,853,0,0,0,0,0,0,0,0,0,0,1,0,0
26,854,0,1,0,0,0,0,0,0,0,0,0,0,0
26,861,0,1,1,1,1,0,0,0,0,0,0,0,0
27,844,1,1,0,0,0,0,0,0,0,0,0,0,0
27,861,0,1,1,1,1,0,0,0,0,0,0,0,0
28,608,1,0,0,0,0,0,0,0,0,0,0,0,0
28,822,1,0,0,0,0,0,0,0,0,0,1,0,0
28,823,1,1,0,1,0,0,0,1,1,1,1,0,1
28,831,1,0,1,0,1,0,1,0,1,0,0,1,1
28,843,0,1,1,1,0,0,0,0,0,0,0,0,0
28,844,1,1,0,0,0,0,0,0,0,0,0,0,0
28,849,0,0,0,0,0,0,0,0,1,0,1,0,0
28,853,0,0,0,1,1,0,0,0,0,0,1,0,0
28,861,0,1,1,1,1,1,0,0,0,0,0,0,0
29,608,1,0,0,0,0,0,0,0,0,0,0,0,0
29,822,1,1,0,0,0,0,0,0,1,0,1,0,0
29,823,1,1,1,1,1,0,1,1,1,1,1,1,1
29,831,1,1,1,0,1,1,1,1,1,0,1,1,1
29,838,1,0,0,0,0,0,1,0,0,0,0,0,0
29,843,0,0,1,1,0,0,0,0,0,1,0,0,0
29,844,1,1,0,0,0,0,0,0,0,0,0,0,0
29,849,0,0,0,0,0,0,1,0,1,0,0,0,0
29,853,0,0,0,0,1,0,0,0,0,0,0,0,0
29,861,0,1,1,1,1,0,0,0,0,0,0,0,0
30,608,1,0,1,0,0,0,0,1,0,0,0,0,0
30,618,1,0,0,0,0,0,0,0,0,0,0,0,0
30,817,0,0,0,1,0,1,0,1,0,1,1,1,1
30,822,1,1,1,1,1,1,1,1,1,1,1,1,1
30,823,1,1,1,1,1,1,1,1,1,1,1,1,1
30,825,0,0,1,1,1,1,1,0,0,0,0,0,1
30,826,0,0,0,0,0,0,0,0,0,0,1,0,1
30,831,1,1,1,0,1,1,1,1,1,1,1,1,1
30,833,0,0,0,0,0,0,0,0,0,0,0,1,0
30,836,0,1,0,0,1,0,0,0,1,0,0,0,1
30,838,1,1,1,1,1,1,1,1,1,1,1,1,1
30,839,1,0,1,1,1,1,1,0,0,0,1,0,0
30,841,0,0,0,0,0,0,0,0,0,1,1,0,0
30,842,1,0,0,0,0,0,0,0,0,0,0,0,0
30,843,0,0,1,1,1,0,0,0,0,0,0,0,0
30,844,1,1,0,1,1,1,1,1,0,1,1,0,1
30,849,1,1,0,0,0,0,1,0,1,0,0,0,0
30,853,0,0,0,0,1,0,0,0,0,0,0,0,0
30,856,0,1,0,0,0,0,0,0,0,0,0,0,0
30,861,0,0,1,0,0,0,0,0,0,0,0,0,0
31,618,1,0,0,0,0,0,0,0,0,0,0,0,0
31,822,1,0,0,0,0,0,0,0,0,0,1,0,0
31,823,1,1,1,1,1,1,1,1,1,1,1,1,1
31,825,0,0,1,0,0,0,1,0,0,0,0,0,0
31,826,0,0,0,0,0,0,0,0,0,0,1,0,1
31,831,1,0,1,0,0,0,1,0,1,0,0,1,0
31,838,1,0,1,0,0,0,1,0,0,0,0,0,0
31,844,1,1,0,0,0,0,0,0,0,0,0,0,0
31,861,0,1,0,0,1,0,0,0,0,0,0,0,0
32,579,0,0,1,0,1,1,1,1,1,1,1,1,1
32,608,1,1,0,0,0,0,0,0,0,0,0,0,0
32,618,1,0,0,0,0,0,0,0,0,0,0,0,0
32,822,1,1,0,0,0,1,1,1,1,0,1,0,0
32,823,1,1,1,1,1,1,1,1,1,1,1,1,1
32,825,0,0,1,0,1,1,1,0,0,0,0,0,0
32,826,0,0,0,0,0,0,0,0,0,0,1,0,1
32,831,1,1,1,1,1,1,1,1,1,1,1,1,1
32,838,1,0,1,1,0,0,1,1,1,0,1,0,1
32,839,0,1,0,0,0,0,0,0,1,0,0,0,0
32,843,0,0,0,1,1,0,1,1,0,1,1,0,0
32,844,1,0,0,0,0,0,0,0,0,0,0,0,0
33,561,0,0,0,0,0,1,1,1,1,1,1,1,1
33,579,1,1,1,1,1,1,1,1,1,1,1,1,1
33,608,1,1,0,0,0,0,0,0,0,0,0,0,0
33,618,1,0,0,0,0,0,0,0,0,0,0,0,0
33,642,1,0,0,0,0,0,0,0,0,0,0,0,0
33,644,1,0,0,0,0,0,0,0,0,0,0,1,0
33,819,0,0,0,0,0,0,0,0,1,1,1,0,0
33,822,1,0,0,0,0,1,1,0,0,0,1,0,0
33,823,1,1,1,1,1,1,1,1,1,1,1,1,1
33,826,0,0,0,0,0,0,0,0,0,0,1,0,1
33,827,0,0,1,1,1,1,1,1,1,1,1,1,1
33,828,0,0,0,0,1,0,0,0,0,0,0,0,0
33,831,1,1,1,1,1,1,1,1,1,1,0,1,1
33,834,1,1,0,1,1,1,1,0,0,0,0,0,1
33,838,1,0,0,0,0,0,0,0,0,0,0,0,0
33,843,1,0,1,1,1,0,0,0,0,1,1,0,0
33,844,1,0,0,0,0,0,0,0,0,0,0,0,0
33,845,0,0,0,0,0,0,0,0,0,0,1,1,1
33,848,0,1,1,0,0,0,0,0,0,0,0,0,0
33,849,0,0,0,0,0,0,0,0,1,0,1,0,0
33,853,0,0,1,1,1,0,0,0,0,0,0,0,0
33,861,0,1,1,1,1,1,0,0,0,0,0,0,0
33,866,0,1,0,0,0,0,0,0,0,0,0,0,0
34,572,1,0,0,0,0,0,0,0,0,0,0,0,0
34,579,1,1,1,1,1,1,1,1,1,1,1,1,1
34,608,1,1,0,0,1,1,0,0,0,0,0,0,0
34,644,1,1,1,1,1,1,1,1,0,0,1,1,0
34,653,0,1,1,0,0,0,0,0,0,0,0,0,0
34,822,1,1,0,0,0,1,1,0,0,1,1,0,0
34,823,0,1,0,0,0,0,0,0,0,0,0,0,0
34,831,1,1,1,1,1,1,1,1,1,1,1,1,1
34,843,1,1,1,1,1,1,1,1,1,1,1,1,1
34,844,1,1,0,0,0,0,0,0,0,0,1,0,0
34,845,1,0,1,0,1,1,1,1,1,0,1,1,1
34,848,0,1,0,0,0,0,0,0,0,0,0,0,0
34,849,1,0,0,0,0,0,0,0,1,1,1,0,1
34,853,1,1,1,1,1,1,1,0,1,0,1,1,0
34,854,0,0,0,1,1,0,1,0,0,1,1,0,0
34,856,0,1,0,0,0,0,0,0,0,0,0,1,0
34,859,1,1,0,0,0,0,0,0,0,0,0,0,1
34,861,0,1,1,1,1,1,1,1,1,1,0,1,0
34,899,0,0,0,0,1,0,0,0,0,0,0,0,0
35,579,0,0,0,0,0,1,0,0,0,0,0,0,0
35,608,1,1,0,0,0,0,0,0,0,0,0,0,0
35,641,0,1,0,0,0,0,0,0,0,0,0,0,0
35,644,1,1,1,1,1,1,0,0,0,0,1,1,0
35,653,1,1,1,0,0,0,0,0,0,0,0,0,0
35,831,1,1,1,1,0,1,1,1,0,0,0,1,1
35,843,1,1,1,1,1,1,1,1,0,1,1,0,0
35,845,1,1,1,1,1,1,1,1,1,1,1,1,1
35,849,0,0,0,0,0,0,0,0,1,1,1,0,1
35,853,1,1,1,1,1,1,0,0,1,0,1,1,0
35,854,0,0,1,1,1,1,1,0,0,1,1,0,0
35,856,0,1,0,0,0,0,0,0,0,0,0,0,0
35,859,1,1,0,0,0,0,0,0,0,0,0,0,1
35,860,0,0,1,0,0,1,0,0,0,1,0,0,0
35,861,1,1,1,1,1,1,1,1,1,1,1,1,0
35,867,0,0,1,1,0,0,0,0,0,0,0,0,0
35,899,0,0,0,0,1,0,0,0,0,0,0,0,0
35,908,0,0,0,0,0,0,1,0,0,0,0,0,0
36,608,1,0,0,0,0,0,0,0,0,0,0,0,0
36,641,0,1,0,0,0,0,0,0,0,0,0,0,0
36,644,1,1,0,1,0,0,0,0,0,0,0,0,0
36,653,1,1,1,0,0,0,0,0,0,0,0,0,0
36,843,1,1,1,1,1,1,0,0,0,0,0,0,0
36,845,1,1,1,1,1,1,1,1,1,1,1,1,1
36,849,0,0,0,0,0,0,0,0,0,1,0,0,1
36,853,0,1,1,1,1,0,0,0,0,0,1,1,1
36,854,1,1,1,1,1,1,1,1,0,1,1,0,0
36,859,1,1,1,0,0,0,0,0,0,0,0,0,1
36,860,1,1,1,1,1,1,0,1,0,1,0,0,1
36,861,1,1,1,1,1,1,1,1,0,1,1,1,0
36,866,0,0,0,0,0,0,0,0,0,0,1,1,0
36,867,0,1,1,1,0,0,0,0,0,0,0,0,0
36,881,0,0,0,0,0,0,0,0,0,1,0,0,0
36,899,0,0,0,0,1,0,0,0,0,0,0,0,0
36,908,0,0,0,0,0,0,1,0,0,0,0,0,0
37,642,0,1,0,0,0,0,0,0,0,0,0,0,0
37,653,1,1,0,0,0,0,0,0,0,0,0,0,0
37,827,0,0,0,0,0,0,0,0,0,1,0,0,0
37,834,0,1,0,1,0,0,0,0,0,0,0,0,0
37,843,1,1,1,0,0,0,0,0,0,0,0,0,0
37,845,1,1,1,1,1,1,1,1,1,1,1,1,1
37,853,0,0,0,1,0,0,0,0,0,0,0,0,0
37,854,0,0,1,1,1,0,0,0,0,0,0,0,0
37,859,1,1,1,0,0,0,0,0,0,0,0,0,0
37,860,1,0,1,1,0,0,0,0,0,1,0,0,0
37,861,0,1,1,1,1,0,0,1,0,0,0,1,0
37,866,1,0,0,0,0,0,0,0,0,0,1,1,0
37,908,0,0,0,0,0,0,1,0,0,0,0,0,0
38,608,0,1,0,0,0,0,0,0,0,0,0,0,0
38,642,0,1,0,0,0,0,0,0,0,0,0,0,0
38,653,0,1,0,0,0,0,0,0,0,0,0,0,0
38,827,0,0,0,0,0,0,0,0,0,1,0,0,0
38,834,1,0,0,1,0,1,1,0,0,0,0,0,0
38,843,0,1,1,0,0,0,0,0,0,0,0,0,0
38,845,0,0,1,1,1,1,1,1,1,1,1,1,1
38,853,0,0,0,1,0,0,0,0,0,0,0,0,0
38,854,0,0,0,1,0,0,0,0,0,0,0,0,0
38,859,1,1,0,0,0,0,0,0,0,0,0,0,0
38,861,0,1,1,1,1,1,0,0,0,0,0,0,0
39,561,0,0,0,0,1,1,1,1,1,1,1,1,1
39,579,1,1,1,1,0,0,0,0,0,1,0,0,0
39,616,0,0,0,0,0,0,0,0,0,0,0,1,0
39,642,1,1,1,1,0,0,0,0,0,0,0,0,0
39,644,1,1,1,1,0,0,0,0,0,0,0,0,0
39,653,1,1,1,1,1,1,1,0,0,0,0,0,0
39,827,0,0,0,1,1,0,0,0,1,1,0,1,1
39,834,1,1,1,1,1,1,1,0,0,1,0,0,0
39,843,1,1,1,0,0,0,0,0,0,0,0,1,0
39,845,1,1,1,1,1,1,1,1,1,1,1,1,1
39,846,0,0,0,0,0,0,0,0,0,1,0,0,0
39,848,0,1,0,0,0,0,0,0,0,0,0,0,0
39,853,0,0,0,1,0,0,0,0,0,0,0,0,0
39,854,0,0,1,1,1,0,1,0,0,1,0,0,0
39,859,1,1,1,1,0,1,0,0,1,1,1,1,0
39,861,0,1,1,1,1,0,0,0,0,0,0,1,0
39,866,1,1,1,1,0,0,0,1,1,0,1,1,0
39,869,0,0,0,0,0,0,0,0,0,0,0,0,1
39,878,0,0,0,0,0,0,0,0,0,1,0,0,1
39,894,0,0,0,0,0,0,0,0,0,0,0,0,1
39,908,0,0,0,0,0,0,1,0,0,0,0,0,0
40,561,1,0,1,0,1,1,1,1,1,1,1,1,1
40,579,1,1,1,1,1,1,1,1,1,1,1,1,1
40,608,1,1,0,1,1,0,0,0,0,0,0,0,0
40,616,0,0,0,0,0,0,0,0,0,0,0,1,0
40,641,1,1,0,0,0,0,0,0,0,0,1,0,0
40,642,1,1,1,1,1,0,0,0,0,0,0,0,0
40,643,0,0,0,0,1,0,1,1,1,0,1,0,0
40,644,1,1,1,1,1,1,1,1,1,1,1,1,1
40,653,1,1,1,1,1,1,1,0,0,0,0,0,1
40,822,0,0,0,0,0,0,0,0,0,0,1,0,0
40,827,0,0,0,0,1,0,0,0,0,1,0,0,0
40,831,1,1,1,1,1,1,1,1,1,1,1,1,1
40,834,0,1,0,1,1,1,1,0,0,1,1,0,0
40,843,1,1,1,1,1,1,1,1,1,1,1,1,1
40,845,1,1,1,1,1,1,1,1,1,1,1,1,1
40,848,0,1,1,0,0,0,0,0,0,0,0,0,0
40,849,0,0,0,0,0,0,0,0,1,1,0,0,1
40,853,0,1,1,1,1,0,0,0,1,0,1,1,1
40,854,0,0,1,1,1,1,1,1,1,1,1,0,0
40,856,0,0,0,0,0,0,0,0,0,0,0,1,0
40,859,1,1,1,1,1,1,0,1,1,1,1,1,1
40,860,0,0,0,0,0,0,0,1,0,1,0,0,1
40,861,1,1,1,1,1,1,1,1,1,1,1,1,1
40,866,1,1,0,1,0,0,0,0,0,0,1,0,0
40,878,0,0,0,0,0,0,0,0,0,1,0,0,1
40,894,0,0,0,0,0,0,0,0,0,0,0,0,1
40,899,0,0,0,0,0,0,1,0,0,0,0,0,0
40,908,0,0,0,0,0,0,1,0,0,0,0,0,0
41,561,0,0,1,1,1,1,1,1,1,1,1,1,1
41,579,1,1,1,1,1,1,1,1,1,1,1,1,1
41,608,1,1,1,1,1,0,0,0,0,0,0,0,0
41,642,1,1,1,1,0,0,0,0,0,0,0,0,0
41,644,1,1,1,1,1,1,0,1,0,0,1,1,0
41,653,1,0,1,1,1,1,1,0,0,0,0,0,1
41,819,0,0,0,0,0,0,0,0,0,1,1,0,0
41,822,1,0,0,0,0,1,1,0,0,0,1,0,0
41,823,0,1,0,0,0,0,0,0,0,0,0,0,0
41,827,1,1,1,1,1,1,1,1,1,1,0,1,1
41,828,0,0,0,0,1,0,0,0,0,1,1,0,0
41,831,1,1,1,1,1,1,1,1,1,1,1,1,1
41,834,1,1,1,1,1,1,1,0,0,1,1,1,1
41,843,1,1,1,1,1,1,1,1,1,1,1,1,1
41,845,0,1,1,1,1,1,1,1,1,1,1,1,1
41,848,0,1,1,0,0,0,0,0,0,0,0,0,0
41,853,0,0,0,1,0,0,0,0,0,0,0,0,0
41,854,0,0,0,1,0,0,1,1,0,0,0,0,0
41,859,0,0,1,0,0,0,0,1,1,0,0,1,0
41,866,0,1,1,0,0,0,0,0,0,0,0,0,0
41,878,0,0,0,0,0,0,0,0,0,0,0,0,1
42,561,0,0,0,0,0,0,0,1,1,0,0,1,1
42,572,1,1,0,0,0,0,0,0,0,0,0,0,0
42,579,1,1,1,1,1,1,1,1,1,1,1,1,1
42,608,1,1,1,1,1,1,0,1,0,1,0,0,0
42,618,1,1,1,0,0,0,1,0,1,0,0,0,0
42,642,1,0,0,0,0,0,0,0,0,0,0,0,0
42,644,1,1,1,1,1,0,0,0,0,0,1,1,0
42,653,0,0,1,0,1,0,1,0,0,0,0,0,0
42,822,1,1,1,1,1,1,1,1,1,1,1,1,1
42,823,1,1,1,1,1,1,1,1,1,1,1,1,1
42,825,0,0,1,1,0,1,0,0,0,0,0,0,0
42,831,1,1,1,1,1,1,1,1,1,1,1,1,1
42,834,0,1,0,0,0,0,0,0,0,0,0,1,0
42,838,1,1,1,1,1,1,1,1,1,1,1,1,1
42,839,0,1,1,1,0,1,1,0,1,1,1,1,1
42,843,1,1,1,1,1,1,1,1,1,1,1,1,1
42,844,1,1,0,0,0,0,0,0,0,0,0,0,0
42,848,0,1,1,0,0,0,0,0,0,0,0,0,0
42,849,1,0,0,0,0,0,0,0,1,1,1,1,1
42,853,0,0,0,1,1,0,0,0,0,0,0,0,0
42,854,0,0,0,0,0,0,0,1,0,0,0,0,0
42,856,0,1,0,0,0,0,0,0,0,0,0,0,0
42,861,0,0,0,0,0,1,0,0,0,0,0,0,0
43,561,0,1,0,1,0,1,1,1,1,1,1,1,1
43,572,1,1,0,1,1,0,0,0,0,1,0,0,0
43,579,1,1,1,1,1,1,1,1,1,1,1,1,1
43,608,1,1,1,1,1,1,1,1,1,1,1,1,1
43,618,1,1,1,1,1,0,1,1,1,1,0,0,0
43,641,0,0,1,0,0,0,0,1,0,0,0,0,0
43,642,1,0,0,0,0,0,0,0,0,0,0,0,0
43,644,1,1,0,1,1,1,1,1,1,1,1,1,1
43,653,0,0,1,1,1,1,1,0,0,1,1,1,1
43,797,1,0,0,0,0,0,0,0,0,0,0,0,0
43,817,0,0,0,1,1,1,1,1,0,1,1,0,0
43,819,0,0,0,0,0,0,0,0,0,0,0,1,1
43,822,1,1,1,1,1,1,1,1,1,1,1,1,1
43,823,1,1,1,1,1,0,1,1,1,1,1,1,1
43,826,0,1,1,1,1,1,1,1,1,1,0,1,0
43,827,1,1,1,1,0,1,0,0,0,0,0,0,0
43,828,0,0,0,1,0,0,0,0,1,0,0,0,1
43,831,1,1,1,1,1,1,1,1,1,1,1,1,1
43,834,0,1,0,0,0,0,0,0,0,0,0,1,1
43,836,0,0,0,0,0,0,0,0,0,0,0,1,1
43,838,1,1,1,1,1,1,1,1,1,1,1,1,1
43,839,0,1,1,1,1,1,1,1,1,1,1,1,1
43,842,0,1,1,0,1,0,0,1,0,0,0,0,0
43,843,1,1,1,1,1,1,1,1,1,1,1,1,1
43,848,0,1,1,0,0,0,0,0,0,0,0,0,0
43,849,0,0,1,0,0,0,0,0,1,1,1,1,1
43,853,1,0,1,1,1,1,0,0,0,0,0,0,0
43,854,0,0,0,0,0,0,1,1,1,0,0,0,0
43,856,1,1,0,0,0,0,0,0,0,0,0,0,0
43,859,0,0,0,0,0,0,0,1,1,0,1,0,0
43,862,0,0,0,0,0,0,0,0,0,0,0,0,1
43,1004,1,0,0,0,0,0,0,0,0,0,0,0,0
43,1009,1,0,0,0,0,0,0,0,0,0,0,0,0
43,1012,1,0,0,0,0,0,0,0,0,0,0,0,0
43,1017,1,0,0,0,0,0,1,0,1,0,0,0,0
43,1023,0,0,0,0,0,0,0,0,0,0,0,0,1
43,1031,1,0,0,0,0,0,0,0,0,0,0,0,0
43,1038,0,0,0,0,1,0,0,0,0,0,0,0,0
44,572,1,0,0,0,0,0,0,0,0,0,0,0,0
44,579,1,0,1,0,1,1,1,1,1,1,1,1,1
44,596,0,0,1,0,0,0,0,0,0,0,0,0,0
44,608,1,0,1,1,1,1,1,1,0,1,1,1,0
44,618,1,1,1,1,1,1,1,1,1,1,0,0,0
44,786,0,0,0,0,0,0,0,0,1,1,0,0,0
44,817,1,1,1,1,1,1,1,1,1,1,1,0,0
44,819,0,0,0,0,0,0,0,0,0,0,0,0,1
44,822,1,1,1,1,1,1,1,1,1,1,1,1,1
44,823,1,1,1,1,1,1,1,1,1,1,1,1,1
44,825,1,0,1,1,1,1,1,1,1,0,0,1,1
44,826,1,1,1,1,1,1,1,1,1,1,1,1,1
44,827,0,1,1,1,0,0,0,0,0,0,0,0,0
44,829,1,1,1,1,1,1,1,0,1,1,0,0,0
44,831,1,1,1,1,1,1,1,1,1,1,1,1,1
44,834,0,1,0,0,0,0,0,0,0,0,0,1,0
44,836,0,0,0,0,1,1,1,1,1,1,1,1,1
44,838,1,1,1,1,1,1,1,1,1,1,1,1,1
44,839,1,1,1,1,1,1,1,1,1,1,1,1,1
44,841,0,0,0,0,0,1,0,1,1,1,0,0,1
44,842,1,1,1,1,1,0,1,1,1,1,0,1,0
44,843,1,0,1,1,1,1,1,1,1,1,1,1,1
44,847,0,0,0,0,0,0,0,0,0,0,1,0,0
44,848,0,0,1,0,0,0,0,0,0,0,0,0,0
44,849,0,1,1,0,1,0,1,0,1,1,1,1,1
44,853,0,0,0,0,1,1,0,0,0,0,0,0,0
44,1004,1,1,0,0,0,0,0,0,0,0,0,0,0
44,1005,1,1,0,0,0,0,0,0,0,0,0,0,0
44,1007,0,1,0,0,0,0,0,0,0,0,0,0,0
44,1009,1,0,0,0,0,0,0,0,0,0,0,0,0
44,1016,0,0,1,0,0,0,0,0,0,0,0,0,0
44,1017,1,0,0,0,0,0,0,0,0,0,0,1,0
44,1019,1,0,0,0,0,0,0,0,0,0,0,0,0
44,1038,0,0,0,0,1,1,0,0,0,0,0,0,0
45,579,0,0,1,0,1,1,1,1,1,1,1,1,1
45,596,0,0,1,0,0,0,0,0,0,0,0,0,0
45,608,1,0,0,0,0,0,0,0,0,0,0,0,0
45,618,1,0,0,0,0,0,0,0,0,0,0,0,0
45,642,1,0,0,0,0,0,0,0,0,0,0,0,0
45,819,0,0,0,0,0,0,0,0,1,1,1,0,0
45,822,1,1,0,1,0,1,1,1,1,1,1,0,0
45,823,1,1,1,1,1,1,1,1,1,1,1,1,1
45,825,1,0,1,1,1,1,1,1,1,0,0,1,0
45,826,0,1,1,1,1,1,1,1,1,1,1,1,1
45,827,0,0,1,0,1,1,1,1,0,0,0,0,0
45,828,0,0,0,0,1,0,0,0,0,0,1,0,0
45,831,1,1,1,1,1,1,1,1,1,1,1,1,1
45,834,1,1,0,0,0,1,0,0,0,0,0,1,1
45,838,1,1,1,1,1,1,1,1,1,1,1,1,1
45,839,0,1,1,1,0,1,1,0,1,1,1,1,1
45,843,1,0,0,1,1,1,1,1,1,1,1,0,0
45,848,0,0,1,0,0,0,0,0,0,0,0,0,0
46,561,1,1,1,1,1,1,1,1,1,1,1,1,1
46,579,1,1,1,1,1,1,1,1,1,1,1,1,1
46,608,1,1,1,1,1,0,0,0,0,0,0,0,0
46,616,0,0,0,0,0,0,0,0,0,0,0,0,1
46,641,0,1,0,0,0,0,0,0,0,0,0,0,0
46,642,1,0,1,0,0,0,1,0,1,1,0,1,0
46,651,1,1,1,1,1,1,1,1,1,0,1,1,1
46,653,0,1,0,1,1,1,1,1,1,1,1,1,1
46,690,1,1,0,0,0,0,0,0,0,0,0,0,0
46,715,0,0,0,0,0,0,0,0,1,0,0,0,0
46,782,1,0,0,0,0,0,0,0,0,0,0,0,0
46,797,1,0,0,0,0,0,0,0,0,0,0,0,0
46,817,0,0,0,0,0,0,0,0,0,1,0,0,0
46,819,1,1,1,0,0,0,1,0,1,1,1,1,1
46,822,1,1,1,1,1,1,1,1,1,1,1,0,1
46,823,1,1,1,1,1,1,1,1,1,1,1,1,1
46,825,0,0,0,0,0,0,0,0,0,1,0,0,0
46,826,0,1,1,1,1,1,1,1,1,1,1,1,0
46,827,1,1,1,1,1,1,1,1,1,1,1,1,1
46,828,0,1,1,1,1,1,1,1,1,1,1,1,1
46,831,1,1,1,1,1,1,1,1,1,1,1,1,1
46,834,1,1,1,1,1,1,1,1,1,1,1,1,1
46,836,0,0,0,0,0,0,0,0,0,0,0,0,1
46,838,1,1,1,0,0,0,1,0,0,0,1,0,0
46,839,0,0,0,1,1,0,0,0,0,0,0,0,0
46,842,0,0,0,0,0,0,0,1,0,0,0,0,0
46,843,1,1,1,1,1,1,1,1,1,1,1,1,1
46,845,0,0,0,0,0,0,0,0,0,0,0,1,0
46,846,1,0,0,0,0,0,0,1,0,0,0,0,0
46,847,0,0,0,0,0,1,0,0,0,0,0,0,1
46,848,1,1,1,1,1,0,0,0,0,0,0,0,0
46,854,0,0,0,0,0,0,1,0,1,0,0,0,0
46,859,1,0,0,0,0,0,0,1,1,1,1,1,0
46,862,0,0,0,0,0,0,0,0,0,0,0,0,1
46,866,0,1,0,0,0,0,0,0,0,0,0,0,0
46,878,0,0,0,0,0,0,0,0,0,0,0,0,1
46,1004,1,1,0,1,0,0,0,0,0,0,0,0,0
46,1011,0,0,0,0,0,0,0,0,1,0,0,0,0
46,1012,1,1,0,0,0,0,0,0,0,0,0,0,0
46,1017,1,0,0,0,0,1,0,0,1,1,0,0,0
46,1021,1,0,0,0,0,0,0,0,0,0,0,0,0
46,1028,1,0,0,0,0,0,0,0,0,0,0,0,0
46,1036,1,0,0,0,0,0,0,0,0,0,0,0,0
47,561,0,0,0,1,0,0,0,1,0,0,0,0,0
47,579,1,0,1,1,1,1,1,1,1,1,1,1,1
47,596,1,1,1,1,1,1,1,1,1,1,1,1,1
47,608,0,0,1,0,0,0,0,0,0,0,0,0,0
47,651,0,0,0,0,0,0,1,1,0,0,1,0,0
47,653,0,0,0,0,0,0,0,0,1,0,1,1,0
47,690,1,0,0,0,0,0,0,0,0,0,0,0,0
47,715,0,0,0,0,0,0,0,0,0,0,0,1,0
47,723,1,1,0,0,0,0,0,0,0,0,0,0,0
47,782,0,0,0,0,0,0,0,0,1,0,0,0,0
47,786,0,0,0,0,0,0,0,0,1,0,0,0,0
47,797,1,0,0,0,0,0,0,0,0,0,0,0,0
47,817,0,0,0,0,0,1,0,0,0,1,0,0,0
47,818,0,0,1,0,0,1,0,0,0,0,0,0,0
47,819,1,1,1,0,0,0,0,0,0,0,1,1,1
47,822,1,1,1,1,1,1,1,1,1,1,1,1,1
47,823,1,1,1,1,1,1,1,1,1,1,1,1,1
47,825,1,1,1,0,1,1,0,0,0,1,1,0,0
47,826,1,1,1,1,1,1,1,1,1,1,1,1,1
47,827,1,1,1,1,1,1,1,1,1,1,0,0,0
47,828,1,1,1,1,1,1,1,1,1,1,1,1,1
47,829,0,0,0,0,1,1,0,0,0,1,0,0,0
47,831,1,1,1,1,1,1,1,1,1,1,1,1,0
47,834,1,1,0,0,1,0,1,1,1,1,1,1,1
47,836,0,0,1,0,0,0,0,0,0,0,0,1,1
47,838,1,1,1,1,1,1,1,1,1,1,1,1,1
47,839,1,1,1,1,1,1,1,1,1,1,1,1,1
47,841,0,0,1,0,0,0,0,0,0,0,0,0,0
47,842,0,1,1,0,1,0,0,1,1,0,0,0,1
47,843,1,0,1,1,1,1,1,1,1,1,1,1,1
47,847,0,0,0,0,0,0,0,0,0,0,1,1,0
47,848,0,0,1,0,0,0,0,0,0,0,0,0,0
47,859,0,0,0,0,0,0,0,0,1,0,0,0,0
47,862,0,0,0,0,0,0,0,0,0,0,0,0,1
47,1004,1,1,0,0,0,0,0,0,0,0,0,0,0
47,1005,0,0,1,0,0,0,0,0,0,0,0,0,0
47,1011,0,0,0,0,0,0,0,0,1,0,0,0,0
47,1012,1,0,0,0,0,0,0,0,0,0,0,0,0
47,1016,0,0,1,0,0,0,0,0,0,0,0,0,0
47,1017,0,0,0,0,0,0,1,0,1,1,0,1,0
47,1019,1,0,0,0,0,0,0,0,0,0,0,0,0
47,1032,0,0,0,1,0,0,0,0,0,0,0,0,0
47,1038,0,0,0,0,0,1,0,0,0,0,0,0,0
48,596,1,1,1,1,1,1,1,1,1,1,1,1,1
48,819,1,1,1,1,1,1,1,0,1,1,1,1,1
48,822,0,1,1,0,1,1,1,0,0,1,1,0,0
48,823,1,1,1,1,1,1,1,1,1,1,1,1,1
48,825,1,1,1,1,1,1,1,1,1,1,1,1,1
48,826,1,1,1,1,1,1,1,1,1,1,1,1,1
48,827,0,1,0,1,0,1,1,1,0,0,0,0,0
48,828,1,1,1,1,1,0,1,0,1,0,1,1,0
48,829,0,0,0,0,0,0,0,0,0,0,0,0,1
48,834,1,1,0,0,0,0,0,0,0,0,1,1,0
48,838,1,1,1,1,1,1,1,1,1,1,1,1,1
48,839,0,1,1,1,0,0,0,0,1,1,1,1,1
48,842,0,0,0,0,0,0,0,1,0,0,0,0,1
48,847,0,0,0,0,0,0,0,0,0,0,1,0,0
48,862,0,0,0,0,0,0,0,0,0,0,0,0,1
48,1004,1,0,0,0,0,0,0,0,0,0,0,0,0
49,596,1,1,1,1,1,1,1,1,1,1,1,1,1
49,642,1,0,0,0,0,0,0,0,0,0,0,0,0
49,651,0,0,0,0,0,1,1,0,0,0,0,1,0
49,818,0,0,1,0,0,0,0,0,0,0,0,0,0
49,819,1,1,1,1,1,1,1,1,1,1,1,1,1
49,822,0,0,0,0,1,0,0,0,0,0,0,0,0
49,823,1,1,1,1,1,1,1,1,1,1,1,1,1
49,825,1,0,0,0,0,0,0,0,0,0,0,0,0
49,826,1,1,1,1,1,1,1,1,1,1,1,1,1
49,827,1,1,1,1,1,1,1,1,1,1,0,0,0
49,828,1,1,1,1,1,1,1,1,1,1,1,1,1
49,834,1,1,1,1,1,1,1,0,0,1,0,1,1
49,838,0,1,0,0,0,0,0,0,0,0,0,0,0
49,862,0,0,0,0,0,0,0,0,0,0,0,0,1
50,561,0,0,1,1,1,0,0,1,1,1,1,1,0
50,579,1,1,1,1,0,1,1,1,1,1,1,1,0
50,587,1,0,0,0,1,0,0,0,0,1,1,1,0
50,596,1,1,1,1,1,1,1,1,1,1,1,1,1
50,642,1,0,0,0,0,0,0,0,0,0,0,0,0
50,651,1,1,1,1,1,1,1,1,1,1,1,1,1
50,653,0,0,0,0,1,1,1,1,1,1,1,0,0
50,782,0,0,0,0,0,0,0,0,1,0,0,0,0
50,818,0,0,1,1,0,1,1,0,0,1,1,0,1
50,819,1,1,1,1,1,1,1,1,1,1,1,1,1
50,822,0,1,1,0,1,1,1,1,1,1,0,0,0
50,823,1,1,1,1,1,1,1,1,1,1,1,1,1
50,825,0,0,0,0,0,0,0,0,0,1,0,0,0
50,826,1,1,1,1,1,1,1,1,1,1,1,1,1
50,827,1,1,1,1,1,1,1,1,1,1,0,1,1
50,828,1,1,1,1,1,1,1,1,1,1,1,1,1
50,829,0,0,0,0,0,0,0,0,0,1,0,0,0
50,831,0,0,0,0,0,1,0,0,1,1,0,0,0
50,834,1,1,1,1,1,1,1,1,1,1,1,1,1
50,838,0,0,0,0,0,0,1,0,0,0,0,0,0
50,839,0,0,0,1,1,0,0,0,0,0,0,0,0
50,841,0,0,1,0,0,0,0,0,0,0,0,0,0
50,842,0,0,0,0,0,0,0,1,0,0,0,0,0
50,843,1,0,0,0,1,1,1,1,1,1,0,0,0
50,846,1,0,0,0,0,0,0,0,0,0,0,0,0
50,847,0,0,1,0,1,0,1,0,1,1,1,1,1
50,848,1,1,1,1,0,0,0,0,0,0,0,0,0
50,859,0,0,0,0,0,0,0,1,1,0,0,0,0
50,862,0,0,0,0,0,0,0,0,0,0,0,0,1
50,866,0,1,0,0,0,0,0,0,0,0,0,0,0
50,871,0,0,0,0,0,0,0,0,0,0,1,0,0
50,1004,1,1,0,0,0,0,0,0,0,0,0,0,0
50,1011,0,0,0,0,0,0,0,0,1,0,0,0,0
50,1017,0,0,0,0,0,1,0,0,0,0,0,0,0
50,1027,0,1,0,0,0,0,0,0,0,0,0,0,0
50,1030,0,0,0,0,0,0,0,0,1,0,0,0,0
50,1036,1,0,0,0,0,0,0,0,0,0,0,0,0
51,587,1,0,0,0,0,0,0,0,0,0,0,1,0
51,596,1,1,1,1,1,1,1,1,1,1,1,1,1
51,636,0,0,0,1,0,0,0,0,0,0,0,0,0
51,651,0,1,0,0,0,0,1,1,0,0,1,0,1
51,690,1,0,0,0,0,0,0,0,0,0,0,0,0
51,698,0,1,0,0,0,0,0,0,0,0,0,0,0
51,715,1,0,0,0,0,0,0,0,0,0,0,1,0
51,723,1,1,0,0,0,0,0,0,0,0,0,0,0
51,782,1,0,0,0,0,0,0,1,1,0,0,0,0
51,797,1,0,0,0,0,0,0,0,0,0,0,0,0
51,818,0,1,1,1,0,1,1,1,1,1,1,0,1
51,819,1,1,1,1,1,1,1,1,1,1,1,1,1
51,822,0,1,1,0,1,1,1,1,1,1,1,0,0
51,823,1,1,1,1,1,1,1,1,1,1,1,1,1
51,824,0,0,0,0,0,0,0,0,0,0,1,1,1
51,825,1,1,1,1,1,1,1,1,0,1,1,0,1
51,826,1,1,1,1,1,1,1,1,1,1,1,1,1
51,827,1,1,1,1,1,1,1,1,1,1,0,1,0
51,828,1,1,1,1,1,1,1,1,1,1,1,1,1
51,829,0,1,1,0,1,0,0,0,0,1,0,0,0
51,831,1,1,0,0,1,0,0,0,1,1,1,0,0
51,834,1,1,1,0,1,0,1,1,1,1,1,1,1
51,836,0,0,1,0,0,0,0,0,0,0,0,0,0
51,838,0,1,1,1,0,1,1,0,0,0,1,1,0
51,839,0,0,0,1,1,1,0,0,0,0,0,0,0
51,841,0,0,1,0,0,0,0,1,0,0,0,0,0
51,842,0,0,0,0,1,0,0,1,1,0,0,0,1
51,847,0,0,0,0,0,0,1,0,1,1,1,1,0
51,848,1,0,0,1,0,0,0,0,0,0,0,0,0
51,862,0,0,1,1,1,1,0,0,0,1,0,1,1
51,871,0,0,0,0,0,0,0,0,0,0,1,0,0
51,1004,1,1,0,0,0,0,0,0,0,0,0,0,0
51,1005,0,1,1,1,0,0,0,0,0,0,0,0,0
51,1011,0,0,0,0,0,0,0,0,1,0,1,1,0
51,1012,1,0,0,0,0,0,0,0,0,0,0,0,0
51,1017,0,0,0,0,0,0,0,0,0,1,0,0,0
51,1018,0,0,0,0,0,0,0,0,0,0,1,0,0
51,1019,1,1,0,0,0,0,0,0,0,0,0,0,0
51,1027,1,1,0,0,0,0,0,0,0,0,0,0,0
51,1030,0,0,0,0,0,0,0,0,1,0,0,1,0
51,1032,0,0,0,1,0,0,0,0,0,0,0,0,0
51,1033,0,0,0,0,0,0,1,0,1,1,0,0,0
51,1036,1,0,0,0,0,0,0,0,0,0,0,0,0
51,1039,0,0,0,0,0,0,1,0,0,0,0,0,0
52,587,1,0,0,0,0,0,0,0,0,0,0,0,0
52,596,1,1,1,1,1,1,1,1,1,1,1,1,1
52,818,0,0,1,0,0,1,1,1,1,0,1,0,0
52,819,1,1,1,1,1,1,1,1,1,1,1,1,1
52,822,0,0,0,0,1,0,0,0,0,0,0,0,0
52,823,1,1,1,1,1,1,1,0,1,1,1,1,1
52,824,0,0,0,0,0,0,0,0,0,0,0,1,1
52,825,1,0,1,1,1,1,0,0,0,0,0,0,0
52,826,1,1,1,1,1,1,1,1,1,1,1,1,1
52,827,1,1,1,1,1,1,1,1,1,0,0,0,0
52,828,1,1,1,1,1,1,1,1,1,1,1,1,1
52,834,1,1,0,0,0,0,0,0,0,0,0,0,1
52,836,0,0,1,0,0,0,0,0,0,0,0,0,0
52,838,1,0,0,0,0,0,0,0,0,0,0,0,0
52,842,0,0,0,0,0,0,0,0,1,0,0,0,0
52,862,0,0,0,0,0,0,0,0,0,0,0,0,1
53,596,1,1,1,1,1,1,1,1,1,1,1,1,1
53,672,0,0,1,1,0,0,0,0,0,0,0,0,0
53,818,1,0,1,1,1,1,1,1,1,0,1,0,0
53,819,1,1,1,1,1,1,1,1,1,1,1,1,1
53,823,1,0,0,0,0,0,0,0,0,0,0,0,0
53,824,0,1,0,0,0,0,0,0,0,0,1,1,1
53,825,1,1,1,1,1,1,1,0,1,1,1,1,1
53,826,1,1,1,1,1,1,1,1,1,1,1,1,1
53,827,0,1,0,1,1,1,0,1,1,0,0,0,0
53,828,1,1,1,1,1,1,1,1,1,1,1,1,1
53,830,0,0,0,0,0,0,1,0,1,1,0,0,0
53,834,0,1,0,1,0,0,0,0,1,0,0,0,1
53,838,0,0,0,0,0,0,0,0,0,0,0,1,0
53,840,0,0,0,0,0,1,0,0,0,0,0,0,0
53,842,0,0,0,0,0,0,0,0,1,0,0,0,0
53,847,1,1,1,1,1,0,1,1,1,1,1,1,1
53,848,0,0,0,0,1,0,0,0,0,1,0,0,0
53,850,0,0,0,0,0,0,0,0,0,0,0,1,0
53,862,0,1,1,1,1,1,1,1,0,1,0,1,1
53,1011,0,0,0,0,0,0,0,0,0,0,0,1,0
53,1033,0,0,0,0,0,0,0,0,0,1,0,0,0
54,587,1,0,0,0,0,0,0,0,0,0,0,0,0
54,596,1,0,1,1,0,1,1,1,0,1,1,1,0
54,672,0,1,0,1,0,0,0,0,0,0,0,0,0
54,818,1,1,1,1,1,1,1,1,1,1,1,1,1
54,819,1,1,1,1,1,1,1,1,1,1,1,1,1
54,824,1,1,0,0,0,0,1,1,1,0,0,1,1
54,826,1,1,1,1,1,1,1,1,1,1,1,1,1
54,827,0,0,0,1,1,1,0,0,0,0,0,0,0
54,828,1,1,1,1,1,1,1,1,1,1,1,1,1
54,830,0,0,0,0,0,0,0,0,1,1,0,0,0
54,834,1,0,0,0,0,0,0,0,0,0,0,0,0
54,847,1,1,0,1,1,0,0,1,0,1,1,0,1
54,862,0,1,1,1,1,1,1,0,0,0,0,1,0
54,871,0,0,0,0,0,0,0,0,1,0,0,0,0
55,596,1,1,1,0,0,1,1,1,1,0,1,1,1
55,818,1,0,1,1,1,1,0,1,1,1,0,0,0
55,819,1,1,1,1,1,1,1,1,1,1,1,1,1
55,824,1,0,0,0,0,0,1,0,0,0,1,1,1
55,826,1,1,1,1,1,1,1,1,1,1,1,1,1
55,828,1,1,1,1,1,0,0,0,0,0,0,0,0
55,847,1,1,0,0,0,0,0,0,0,0,0,0,0
55,862,0,0,0,1,1,0,0,0,0,0,0,0,0
56,672,0,1,0,1,0,0,0,0,0,0,0,0,0
56,818,1,1,1,1,1,1,0,1,1,1,1,0,0
56,819,1,1,1,1,1,0,0,1,1,0,0,1,1
56,824,1,1,0,1,1,1,1,1,1,1,1,1,1
56,826,1,0,1,1,0,0,0,0,0,0,0,0,0
56,828,1,1,1,1,0,0,0,0,0,0,0,0,0
56,846,0,0,0,0,1,0,0,0,0,0,0,0,0
56,847,1,1,0,0,1,0,0,0,0,1,1,0,0
56,850,0,0,0,0,0,0,0,0,0,0,0,1,1
56,862,0,1,1,1,1,1,1,1,0,0,0,1,0
56,879,0,1,0,0,0,0,0,0,0,0,0,0,0
57,596,1,1,1,1,1,1,1,1,1,1,1,1,1
57,607,0,0,0,0,0,0,0,0,0,0,0,0,1
57,636,1,0,1,1,0,1,1,1,1,1,1,1,1
57,672,1,1,1,1,1,0,0,1,1,0,1,1,1
57,743,0,0,0,0,0,0,0,0,0,1,0,0,1
57,813,0,0,0,0,0,0,0,0,0,0,0,1,0
57,818,1,1,1,1,1,1,1,1,1,1,1,1,1
57,819,1,1,1,1,1,1,1,1,1,1,1,1,1
57,820,0,1,0,0,0,0,0,0,0,0,0,0,0
57,823,0,0,0,1,1,0,0,0,0,0,0,0,0
57,824,1,1,1,1,1,1,1,1,1,1,1,1,1
57,825,0,1,1,1,1,1,0,0,0,0,0,0,1
57,826,1,1,1,1,0,1,1,1,0,0,1,0,0
57,827,0,1,0,0,0,0,1,0,0,0,0,0,0
57,828,1,1,1,1,1,1,1,1,1,1,1,1,1
57,830,0,0,0,0,1,0,1,1,1,1,1,0,1
57,834,0,0,0,0,0,0,0,0,1,0,0,0,0
57,835,0,0,0,0,0,0,0,0,0,0,0,0,1
57,836,0,0,1,0,0,0,0,0,0,0,0,0,0
57,840,0,1,1,1,1,1,1,1,1,1,1,1,1
57,841,0,0,0,1,0,0,0,0,0,0,0,0,0
57,847,1,0,0,0,1,0,1,1,1,1,1,1,1
57,850,1,1,1,1,0,1,1,1,1,1,1,1,1
57,862,0,1,1,1,1,1,1,1,1,1,1,1,1
57,871,0,0,0,0,0,0,0,0,1,0,0,0,0
57,879,0,0,0,0,0,0,0,0,1,0,0,0,0
57,1011,0,0,1,0,0,0,0,0,0,0,0,1,0
57,1022,0,0,0,0,0,0,0,0,1,0,0,1,1
57,1027,1,1,0,0,0,0,0,0,0,0,0,0,0
57,1033,0,0,0,0,0,0,0,0,0,1,0,0,0
57,1035,1,1,0,0,0,0,0,0,0,0,0,0,0
58,596,1,1,1,1,1,1,1,1,1,1,1,1,1
58,636,0,0,0,1,0,0,0,0,1,0,0,1,0
58,818,1,0,1,1,1,1,0,1,1,0,0,0,0
58,819,1,1,1,1,1,1,1,1,1,1,1,0,0
58,823,0,0,1,1,1,1,0,0,0,0,0,0,1
58,824,0,1,0,0,0,1,1,1,1,0,1,1,1
58,825,1,0,1,1,1,1,0,0,0,0,0,0,1
58,826,1,1,1,1,0,1,1,1,1,1,1,1,1
58,828,1,1,1,1,1,1,1,1,1,1,1,1,1
58,830,0,0,0,0,0,0,1,1,1,1,1,0,0
58,840,0,0,0,0,0,1,1,0,0,0,0,0,1
58,862,0,1,1,1,1,1,0,0,0,0,0,0,0
58,1035,0,1,0,0,0,0,0,0,0,0,0,0,0
59,596,0,0,1,1,1,1,1,0,1,0,1,1,1
59,636,0,0,0,0,0,0,0,0,1,0,0,0,1
59,818,0,0,1,1,1,1,0,1,1,1,0,0,0
59,819,0,1,0,0,0,1,0,1,0,0,0,0,0
59,820,1,0,0,0,0,0,1,0,0,0,0,0,0
59,824,1,1,0,0,1,1,1,0,1,1,1,1,1
59,825,0,0,0,1,0,0,0,0,0,0,0,0,0
59,826,1,0,0,0,0,0,0,0,0,0,0,0,0
59,830,1,1,0,0,0,0,0,0,0,1,0,0,0
59,840,0,0,0,0,0,1,1,0,1,0,0,0,1
59,850,0,0,0,0,0,0,0,0,0,0,0,1,0
59,862,0,1,1,1,1,0,0,0,0,0,0,0,0
60,596,0,1,0,1,0,1,0,0,0,0,0,0,0
60,609,1,0,1,1,1,1,0,0,0,1,0,0,0
60,636,1,1,1,1,1,1,1,1,1,1,1,1,1
60,672,0,1,0,1,0,0,0,1,0,0,0,0,1
60,675,0,0,1,0,0,0,0,0,0,0,0,0,0
60,818,1,0,1,1,1,1,0,1,1,1,1,0,0
60,819,0,1,0,0,0,0,1,1,1,0,0,0,0
60,820,1,1,0,1,1,1,1,1,1,1,1,1,1
60,824,1,1,1,1,1,1,1,1,1,1,1,1,1
60,826,0,1,0,0,0,0,0,0,0,0,0,0,0
60,828,1,0,1,1,0,0,1,0,1,0,0,1,0
60,830,1,1,0,0,1,1,1,1,1,1,1,1,1
60,835,0,0,0,1,0,0,0,0,0,0,0,0,1
60,840,1,1,1,1,1,1,1,1,1,1,1,1,1
60,847,0,0,0,0,0,0,0,1,1,1,0,0,0
60,850,1,1,1,1,1,1,1,1,1,1,1,1,1
60,858,0,0,0,0,0,0,0,0,1,0,0,0,0
60,862,1,1,1,1,1,1,1,1,1,1,1,1,1
60,879,0,0,1,0,0,0,0,0,0,0,0,0,0
60,884,0,0,1,0,1,1,1,1,0,1,1,1,1
60,902,0,0,0,0,0,1,0,0,0,0,0,0,0
60,914,0,0,0,0,0,0,0,0,0,0,0,1,0
60,918,0,0,0,0,0,1,0,0,0,0,0,0,0
60,1022,0,0,0,0,0,0,0,0,0,0,0,0,1
60,1035,0,1,0,0,0,0,0,0,0,0,0,0,0
61,596,1,1,1,1,1,1,1,1,1,1,1,1,1
61,607,0,0,0,0,0,1,0,0,0,0,0,0,1
61,636,0,0,1,1,1,1,1,1,1,1,1,1,1
61,743,0,0,0,0,0,0,0,0,0,1,0,0,0
61,818,0,0,1,1,1,1,1,1,1,0,0,0,0
61,819,0,1,1,1,1,1,1,1,1,1,1,0,0
61,820,1,1,0,1,0,0,1,0,0,0,0,0,0
61,821,0,0,0,0,0,0,0,0,0,0,1,0,0
61,823,0,0,0,0,1,0,0,0,0,0,0,0,0
61,824,1,1,1,1,1,1,1,1,1,1,1,1,1
61,825,1,1,1,1,1,1,1,1,1,1,0,1,1
61,826,1,1,0,0,0,1,0,0,0,1,0,0,0
61,828,1,1,1,1,1,1,1,1,1,1,1,1,1
61,830,0,0,0,1,1,1,1,1,1,1,1,1,1
61,835,0,1,0,0,0,0,0,1,1,0,0,0,1
61,837,0,0,0,0,0,0,0,0,0,0,0,1,0
61,840,0,1,1,1,0,1,1,1,1,1,1,1,1
61,841,0,0,0,1,0,0,0,0,0,0,0,0,0
61,847,0,0,0,0,0,0,0,0,1,0,0,0,0
61,850,0,1,1,1,0,0,1,1,0,1,0,1,0
61,862,0,1,1,1,1,1,1,1,1,1,1,1,1
61,1011,0,0,0,0,0,0,0,0,0,0,0,1,0
61,1022,0,0,0,0,0,0,0,0,1,0,0,1,0
61,1035,1,1,0,0,0,0,0,0,0,0,0,0,0
62,596,1,1,1,1,1,1,1,1,1,1,1,1,1
62,636,0,0,1,1,0,0,1,1,1,1,1,1,1
62,819,0,1,1,1,1,1,1,1,0,0,0,0,0
62,820,1,0,0,0,0,0,1,0,0,0,1,0,0
62,823,0,0,0,1,0,0,0,0,0,0,0,0,0
62,824,1,0,0,0,0,0,0,0,0,0,0,1,1
62,825,0,0,0,1,0,1,1,1,1,1,0,0,0
62,826,1,0,0,0,0,0,0,0,0,0,0,0,0
62,829,0,0,0,0,0,0,0,0,0,0,0,0,1
62,830,1,1,0,0,1,1,1,1,1,1,1,0,0
62,837,0,0,0,0,0,0,0,0,0,0,0,1,0
62,840,0,1,1,1,0,1,1,0,1,0,0,1,1
63,596,0,0,1,1,0,1,0,0,0,0,0,0,0
63,636,0,0,1,1,1,1,1,1,1,1,1,1,1
63,819,0,1,0,0,0,0,0,1,0,0,0,0,0
63,820,1,1,1,1,1,1,1,1,1,1,1,1,1
63,824,1,0,0,0,0,0,0,0,0,1,1,0,0
63,830,1,1,1,1,1,1,1,1,1,1,1,1,1
63,840,1,1,1,1,0,1,1,1,1,1,1,1,1
63,862,0,1,0,0,0,0,0,0,0,0,0,0,0
64,596,0,1,1,1,1,1,0,0,0,0,0,0,0
64,609,1,0,1,1,0,0,0,0,0,1,0,0,0
64,617,0,0,0,0,0,0,0,0,1,1,0,1,0
64,636,1,1,1,1,1,1,1,1,1,1,1,1,1
64,648,0,0,0,0,0,0,0,1,0,1,1,1,0
64,673,0,0,0,0,0,0,0,0,0,0,1,0,0
64,818,0,0,0,1,0,0,0,0,0,0,0,0,0
64,819,0,1,0,0,0,0,0,0,0,0,0,0,0
64,820,1,1,1,1,1,1,1,1,1,1,1,1,1
64,821,0,0,0,0,0,0,0,0,0,0,1,0,0
64,824,1,1,0,0,1,1,1,1,1,1,1,1,1
64,825,0,0,0,0,0,0,0,1,0,0,0,0,0
64,828,1,0,0,0,0,0,0,0,0,0,0,0,0
64,830,1,1,1,1,1,1,1,1,1,1,1,1,1
64,835,0,1,0,1,0,0,0,1,1,0,0,0,1
64,840,1,1,1,1,1,1,1,1,1,1,1,1,1
64,850,0,0,1,1,1,1,1,0,1,1,1,1,1
64,858,1,0,0,0,0,0,0,0,1,0,0,0,0
64,862,1,1,1,1,1,1,1,1,1,1,1,1,1
64,884,0,0,1,1,0,0,1,1,1,1,1,1,1
64,918,0,0,1,0,0,0,0,0,0,0,0,0,0
65,583,0,1,0,0,0,0,0,0,0,0,1,0,0
65,596,0,1,1,1,1,1,0,0,0,0,0,0,0
65,609,1,0,0,0,0,0,0,0,0,0,0,0,0
65,636,1,1,1,1,1,1,1,1,1,1,1,1,1
65,648,0,0,0,0,0,0,0,0,0,1,0,0,0
65,673,0,0,0,0,0,0,0,0,0,0,1,1,1
65,820,1,1,1,1,1,1,1,1,1,1,1,1,1
65,821,0,0,0,1,0,0,0,0,0,0,1,1,0
65,824,1,0,0,0,0,0,0,0,0,1,0,0,0
65,825,0,0,0,0,0,0,0,1,1,0,0,0,0
65,830,1,1,1,1,1,1,1,1,1,1,1,1,1
65,832,0,0,0,0,1,0,0,0,0,0,0,0,0
65,835,0,1,1,1,1,1,1,1,1,1,0,1,1
65,837,0,0,0,0,1,1,0,1,0,0,1,1,1
65,840,1,1,1,1,1,1,1,1,1,1,1,1,1
65,850,0,0,1,0,0,1,1,0,0,0,0,0,0
65,855,0,0,1,1,1,1,1,0,0,0,0,0,0
65,858,1,0,0,0,0,0,0,0,0,0,0,0,0
65,862,0,0,0,0,0,0,0,0,1,0,0,0,0
65,875,0,0,0,0,0,0,1,0,0,0,0,0,0
65,884,0,0,0,0,0,0,0,0,0,1,1,1,1
66,583,1,1,0,1,1,1,1,1,1,1,1,1,1
66,596,0,0,1,1,0,1,0,0,0,0,0,0,0
66,609,1,0,0,0,0,0,0,0,0,0,0,0,0
66,636,0,0,1,1,0,1,0,1,1,1,1,1,1
66,673,0,0,0,0,0,0,0,0,0,0,0,1,1
66,820,1,1,1,1,1,1,1,1,1,1,1,1,1
66,821,1,1,1,1,1,1,1,1,1,1,1,1,1
66,824,1,0,0,0,0,0,0,0,0,0,0,0,0
66,830,1,1,1,1,1,1,1,1,1,1,1,1,1
66,832,1,1,1,1,1,1,1,1,1,0,1,0,0
66,835,1,1,1,1,1,1,1,1,1,1,0,0,1
66,837,0,0,1,0,1,1,1,1,1,1,1,1,1
66,840,0,1,1,1,0,1,0,0,1,1,0,1,1
66,855,1,0,1,1,1,1,1,1,1,1,1,1,1
66,875,0,0,0,0,0,0,1,0,0,0,0,0,0
66,885,0,0,0,0,1,0,0,0,0,0,0,0,0
66,907,0,0,0,0,0,1,0,1,0,0,0,0,0
66,913,0,0,0,0,0,0,0,0,0,0,1,0,0
66,940,0,0,0,0,0,0,0,0,0,1,0,1,0
67,583,1,1,1,1,1,1,1,1,1,1,1,1,1
67,589,0,1,0,0,0,0,0,0,0,0,0,0,0
67,590,0,1,1,1,1,1,0,0,0,0,0,0,0
67,596,0,1,1,1,1,1,0,0,0,1,0,0,0
67,597,0,0,0,0,1,1,1,1,1,1,0,1,0
67,607,0,1,0,0,0,1,1,1,0,0,0,0,1
67,609,1,0,0,0,0,0,0,0,0,0,0,0,0
67,629,0,0,0,0,0,0,1,0,1,1,0,1,1
67,636,0,1,1,1,1,1,1,1,1,1,1,1,1
67,648,0,0,0,0,0,0,0,1,0,1,1,0,0
67,673,0,0,0,1,0,1,1,0,0,0,1,1,1
67,716,1,0,0,0,0,0,0,0,0,0,0,0,0
67,759,1,0,0,0,0,0,0,0,0,0,0,0,0
67,813,0,1,0,0,0,0,0,0,0,0,0,0,0
67,820,1,1,1,1,1,1,1,1,1,1,1,1,1
67,821,1,1,1,1,1,1,1,1,1,1,1,1,1
67,824,1,0,1,0,1,1,0,0,0,1,0,0,0
67,825,0,0,0,0,0,0,0,0,1,1,0,0,0
67,829,0,0,0,0,0,1,0,0,0,0,0,0,0
67,830,1,1,1,1,1,1,1,1,1,1,1,1,1
67,832,1,1,1,1,1,1,1,1,1,0,1,1,1
67,833,0,0,0,0,0,1,1,0,0,1,0,0,0
67,835,1,1,1,1,1,1,1,1,1,1,1,1,1
67,836,0,0,0,0,0,0,0,0,0,1,0,0,0
67,837,0,0,1,1,1,1,1,1,1,1,1,1,1
67,840,1,1,1,1,1,1,0,1,1,1,0,1,1
67,850,0,0,1,0,0,1,1,0,0,0,0,0,0
67,855,1,1,1,1,1,1,1,1,1,1,1,1,1
67,857,0,1,0,0,1,0,0,0,0,0,0,0,0
67,858,1,0,0,0,1,0,0,0,0,0,0,0,0
67,862,0,0,0,0,0,0,0,0,1,0,1,1,1
67,863,0,1,0,0,0,0,0,0,0,0,0,0,0
67,864,0,1,0,0,0,0,0,1,0,0,0,0,0
67,875,0,0,0,0,0,0,1,0,0,0,0,0,0
67,883,0,0,0,0,0,0,0,0,0,0,0,1,1
67,884,0,0,0,0,0,0,0,1,0,1,1,1,1
67,902,0,0,0,0,0,1,0,0,0,0,0,0,0
67,907,0,0,0,0,0,1,1,1,0,0,0,0,0
67,913,0,0,0,0,0,0,0,0,0,1,1,0,1
67,926,0,0,0,0,0,0,0,0,1,1,1,1,1
67,1006,0,1,0,0,0,0,0,0,0,0,0,0,0
67,1008,1,0,0,0,0,0,0,0,0,0,0,0,0
67,1011,0,1,0,0,0,0,0,0,0,0,0,0,0
67,1015,0,1,0,1,0,0,0,0,0,0,0,0,0
67,1022,0,0,1,0,1,0,0,0,0,1,0,0,1
67,1024,1,0,0,0,0,0,0,0,0,0,0,0,0
67,1030,1,0,0,0,0,0,0,0,0,0,0,0,0
67,1047,0,0,0,0,0,0,0,0,0,0,0,0,1
67,1048,0,0,1,0,0,0,0,0,0,0,0,0,0
68,583,1,1,1,1,1,1,1,1,1,1,1,1,1
68,596,0,1,1,1,1,1,1,1,0,1,0,0,0
68,607,0,1,1,1,1,1,1,1,1,0,1,1,1
68,636,0,0,1,1,1,1,1,1,1,1,1,1,1
68,673,0,0,0,0,0,0,0,0,0,0,0,0,1
68,716,1,0,0,0,0,0,0,0,0,0,0,0,0
68,743,1,0,0,0,0,0,0,0,0,0,0,0,0
68,791,0,0,1,0,0,0,0,0,0,1,1,1,0
68,817,0,0,0,0,0,0,0,1,0,0,0,0,0
68,818,0,0,0,0,0,0,0,0,1,0,0,0,0
68,819,0,1,1,0,1,0,1,0,1,0,0,0,0
68,820,1,1,1,1,1,1,1,1,1,1,1,1,1
68,821,1,1,1,1,0,1,1,1,1,1,1,1,1
68,823,0,1,1,1,0,0,0,0,0,0,0,0,0
68,824,1,0,1,1,1,0,0,0,0,1,0,1,1
68,825,0,1,1,0,1,1,1,1,1,1,0,1,0
68,828,0,0,0,0,0,1,0,0,1,0,1,0,0
68,829,0,0,0,0,0,1,0,1,0,0,0,1,1
68,830,1,1,1,1,1,1,1,1,1,1,1,1,1
68,832,1,1,1,1,1,1,1,0,1,0,1,0,0
68,833,0,0,0,0,0,0,0,0,0,1,0,0,0
68,835,1,1,1,1,1,1,1,1,1,1,0,1,1
68,836,0,0,0,0,0,0,1,0,0,1,0,0,0
68,837,0,0,0,1,1,1,1,1,1,1,1,1,1
68,840,0,1,1,1,1,1,1,1,1,1,0,1,1
68,841,0,0,0,0,0,0,0,0,0,0,1,0,0
68,842,0,0,1,0,0,0,0,0,0,0,0,0,0
68,850,0,1,1,0,0,1,1,0,0,0,0,0,0
68,855,0,0,1,1,1,1,1,1,1,1,1,1,1
68,857,0,1,0,0,0,0,0,0,0,0,0,0,0
68,862,0,0,0,0,0,0,0,0,1,0,1,1,1
68,884,0,0,0,0,0,0,0,1,0,1,1,1,1
68,897,0,0,0,0,0,0,0,0,0,0,1,0,0
68,913,0,0,0,0,0,0,0,0,0,1,0,0,0
68,926,0,0,0,0,0,0,0,0,0,1,1,1,1
68,1003,0,0,0,1,0,0,0,0,0,0,0,0,0
68,1008,1,0,0,0,0,0,0,0,0,0,0,0,0
68,1010,0,0,1,0,0,0,0,0,0,0,0,0,0
68,1011,1,1,0,0,0,0,0,0,0,0,0,0,0
68,1015,1,1,1,0,0,0,0,0,0,0,0,0,0
68,1022,0,0,0,0,0,0,0,0,0,1,0,1,1
68,1024,1,0,0,0,0,0,0,0,0,0,0,0,0
68,1027,1,0,0,0,0,0,0,0,0,0,0,0,0
68,1035,0,1,0,0,0,0,0,0,0,0,0,0,0
68,1048,0,0,1,0,0,0,0,1,0,0,0,0,0
69,583,0,0,0,0,0,0,1,1,1,1,1,1,1
69,596,1,1,1,1,1,1,1,1,1,1,1,1,1
69,607,0,1,1,1,0,1,0,0,0,0,0,0,1
69,636,0,0,1,1,1,1,1,1,1,1,1,1,1
69,819,0,1,1,0,1,1,1,1,0,0,0,0,0
69,820,1,1,1,1,0,1,1,1,1,1,1,1,0
69,821,1,1,1,1,0,0,0,0,0,0,0,0,0
69,823,0,1,1,1,1,0,1,0,0,0,0,1,1
69,824,1,0,0,1,1,0,0,0,0,1,0,1,1
69,825,1,1,0,1,0,1,1,1,1,1,1,1,0
69,826,1,0,0,0,0,0,0,0,0,0,0,0,0
69,828,0,0,0,0,0,0,0,0,1,0,0,0,1
69,829,0,0,0,0,0,1,0,0,0,0,0,0,1
69,830,1,1,0,1,1,1,1,1,1,1,1,1,1
69,832,1,1,1,1,1,1,1,1,1,0,1,0,0
69,833,0,0,0,0,0,0,0,0,0,1,0,0,0
69,837,0,0,1,0,1,1,1,1,1,1,1,1,1
69,840,0,1,1,1,0,1,1,1,1,0,0,1,1
69,850,0,0,0,0,0,0,1,0,0,0,0,1,0
69,862,0,0,0,0,1,1,0,0,0,0,0,0,0
69,926,0,0,0,0,0,0,0,0,0,0,0,0,1
70,555,0,0,0,1,1,1,0,0,0,0,0,0,0
70,583,1,1,1,1,1,1,1,1,1,1,1,1,1
70,589,1,0,0,0,0,0,0,0,0,0,0,0,0
70,590,1,1,0,1,1,1,0,1,0,1,0,1,0
70,596,0,0,1,0,0,1,0,0,0,0,0,0,0
70,636,0,0,0,0,0,0,0,0,1,1,1,1,0
70,821,1,1,1,1,1,1,1,1,1,1,1,1,1
70,829,0,0,0,0,0,1,0,0,0,0,0,0,0
70,832,1,1,1,1,1,1,1,1,1,1,1,1,1
70,833,0,0,0,0,1,1,1,1,0,1,0,0,0
70,835,1,1,1,0,1,0,1,0,0,0,0,0,0
70,836,0,0,0,0,0,0,0,1,0,0,0,0,0
70,837,0,1,1,1,1,1,1,1,1,1,1,1,1
70,840,0,1,0,0,0,0,0,0,0,0,0,0,0
70,855,1,0,1,0,0,0,0,1,1,1,1,1,1
70,857,1,1,0,1,0,0,0,0,0,0,0,0,0
70,864,0,0,0,0,0,0,0,1,0,0,0,0,0
70,883,0,0,0,0,0,0,0,0,0,0,0,1,0
70,885,0,0,0,1,1,0,0,0,0,0,0,0,0
70,897,0,0,0,0,0,0,0,0,1,1,0,0,0
70,898,0,0,0,0,0,0,0,0,0,0,0,0,1
70,907,0,0,0,0,0,1,1,1,0,0,0,0,0
70,926,0,0,0,0,0,0,0,0,1,0,1,1,1
71,555,1,1,0,1,1,1,0,0,0,0,0,0,0
71,582,0,0,0,0,0,0,0,0,0,0,0,0,1
71,583,1,0,1,0,1,1,1,1,1,1,1,1,1
71,589,0,1,0,0,0,0,0,0,0,0,0,0,0
71,590,0,1,1,1,0,1,0,0,1,1,1,0,0
71,595,1,1,1,1,1,1,1,1,0,1,0,1,0
71,596,0,0,1,1,1,1,0,0,0,1,0,0,0
71,607,0,1,1,0,1,1,1,1,1,1,1,1,0
71,618,0,0,0,1,1,0,0,0,0,0,0,0,0
71,636,0,0,1,0,0,1,1,1,1,1,1,1,1
71,735,1,0,0,0,0,0,0,0,0,0,0,0,0
71,743,1,0,0,0,0,0,0,0,0,0,0,0,0
71,756,1,0,0,0,0,0,0,0,0,0,0,0,0
71,777,0,1,0,0,0,0,0,0,0,0,0,0,0
71,781,0,0,1,0,0,0,0,0,0,0,0,0,0
71,791,0,0,0,0,0,0,0,0,0,1,0,0,0
71,817,0,0,1,0,0,0,0,1,0,1,1,0,1
71,819,0,0,1,0,1,0,0,0,0,0,0,0,0
71,820,0,0,0,0,1,1,1,1,0,0,1,1,0
71,821,1,1,1,1,1,1,1,1,1,0,1,1,1
71,823,0,0,0,1,1,0,0,0,1,0,0,0,0
71,824,0,0,0,0,0,0,0,0,0,1,0,0,0
71,825,0,0,0,0,0,0,1,1,1,1,0,1,0
71,829,0,0,0,0,0,1,1,1,1,0,0,1,1
71,830,1,0,1,1,0,0,0,0,0,1,0,0,1
71,832,1,1,1,1,1,1,1,1,1,1,1,1,1
71,833,1,0,1,1,1,1,1,1,1,1,0,0,0
71,835,1,0,0,0,0,0,0,0,0,0,0,0,0
71,836,1,0,1,0,0,0,1,1,1,1,1,0,0
71,837,1,1,1,1,1,1,1,1,1,1,1,1,1
71,839,0,0,0,0,0,0,0,0,0,0,0,0,1
71,840,0,1,0,1,0,0,0,0,0,0,0,0,1
71,842,1,0,1,1,0,0,0,0,0,0,0,0,0
71,851,0,1,0,0,0,0,0,0,0,0,0,0,0
71,855,0,0,0,0,0,1,0,0,0,1,0,1,1
71,856,0,0,0,1,1,0,1,0,0,0,0,0,0
71,857,1,1,1,1,1,1,1,0,1,0,1,1,1
71,862,0,0,0,0,0,0,0,0,1,0,0,0,0
71,864,1,1,1,1,1,0,1,1,0,0,0,0,0
71,883,0,0,0,0,1,0,0,0,0,0,0,1,1
71,884,0,0,0,0,0,0,0,0,0,0,1,0,0
71,897,0,0,0,0,0,0,0,0,1,0,1,1,1
71,898,0,0,0,0,0,0,0,0,0,0,1,1,1
71,926,0,0,0,0,0,0,1,1,1,1,1,1,1
71,1003,1,0,0,1,0,0,0,0,0,0,0,0,0
71,1008,1,0,0,0,0,0,0,0,0,0,0,0,0
71,1010,1,1,1,0,0,0,0,0,0,0,0,0,1
71,1011,1,1,0,0,0,0,0,0,0,0,0,0,0
71,1015,1,1,1,0,0,0,0,0,0,0,0,0,0
71,1022,1,1,0,0,0,0,0,0,0,0,0,0,0
71,1024,1,0,0,0,0,0,0,0,0,0,0,0,0
71,1029,1,0,0,0,0,0,0,0,0,0,0,0,0
71,1030,1,0,0,0,0,0,0,0,0,0,0,0,0
71,1048,0,0,1,0,0,0,0,1,1,1,0,0,0
72,555,0,0,0,0,1,0,0,0,0,0,0,0,0
72,583,0,0,0,0,0,0,1,1,1,1,1,1,1
72,595,1,1,1,0,1,0,0,0,0,0,0,0,0
72,596,0,1,1,1,1,1,1,1,1,0,1,1,1
72,607,0,1,1,1,1,1,1,1,1,1,1,1,1
72,636,0,0,1,0,0,1,1,1,1,1,1,1,1
72,777,0,1,0,0,0,0,0,0,0,0,0,0,0
72,817,0,0,0,0,0,0,0,1,0,0,0,0,0
72,819,0,1,1,0,1,0,1,1,0,0,0,0,0
72,820,0,0,0,0,1,0,1,1,0,0,0,1,0
72,821,1,1,1,1,0,0,0,0,0,0,0,0,0
72,823,0,1,1,1,1,0,1,0,1,0,0,1,0
72,824,1,0,0,0,0,0,0,0,0,1,0,1,0
72,825,0,1,0,1,0,1,1,1,1,1,0,0,0
72,826,0,0,0,0,0,0,0,0,0,1,0,0,0
72,829,0,0,0,0,0,1,0,1,0,0,0,0,1
72,830,0,0,1,1,0,0,1,1,1,1,1,1,0
72,832,1,1,1,1,1,1,1,1,1,0,1,1,1
72,833,1,0,1,1,1,1,1,1,1,1,0,0,0
72,835,1,1,0,0,0,0,0,0,0,0,0,0,0
72,836,1,0,0,0,0,0,1,1,1,1,1,0,0
72,837,1,1,1,0,1,1,1,1,1,1,1,1,1
72,839,0,0,0,0,0,0,0,0,0,0,0,0,1
72,840,0,1,0,1,0,0,0,0,0,0,0,0,1
72,842,1,0,1,1,0,0,0,0,0,0,0,0,0
72,851,0,1,0,0,0,0,0,0,0,0,0,0,0
72,864,0,0,0,0,0,0,0,1,0,0,0,0,0
72,897,0,0,0,0,0,0,0,0,0,0,1,1,1
72,898,0,0,0,0,0,0,0,0,0,0,0,0,1
72,926,0,0,0,0,0,0,0,0,1,0,1,1,1
72,1010,0,1,1,0,0,0,0,0,0,0,0,0,0
72,1015,0,1,0,0,0,0,0,0,0,0,0,0,0
72,1024,1,0,0,0,0,0,0,0,0,0,0,0,0
73,555,1,0,0,0,1,1,0,0,0,0,0,0,0
73,583,0,0,0,0,0,0,0,0,0,1,1,1,1
73,595,1,0,0,0,0,0,0,0,0,0,0,0,0
73,596,0,0,1,0,0,1,0,0,0,0,0,0,0
73,636,0,0,0,0,0,0,0,1,1,1,0,1,0
73,821,1,1,1,0,0,0,0,0,0,0,0,0,0
73,829,0,0,0,0,0,1,0,0,0,0,0,0,0
73,832,1,1,1,1,1,1,1,1,1,1,1,1,1
73,833,1,0,1,1,1,1,1,1,1,1,1,0,0
73,836,0,0,0,0,0,0,1,1,0,0,0,0,0
73,837,1,1,1,1,1,1,1,0,1,0,1,1,1
73,840,0,1,0,0,0,0,0,0,0,0,0,0,0
73,849,0,0,0,0,1,0,0,0,0,0,0,0,0
73,851,0,1,0,0,0,1,1,0,0,0,0,0,0
73,857,0,0,0,1,0,0,0,0,0,0,1,0,0
73,864,0,0,0,0,0,0,0,1,0,0,0,0,0
73,865,0,0,0,0,0,0,0,0,0,0,0,1,0
73,897,0,0,0,0,0,0,0,0,1,1,1,0,0
73,926,0,0,0,0,0,0,0,0,1,0,0,1,1
74,555,1,1,0,1,1,1,1,0,0,0,0,0,0
74,582,0,0,0,0,0,0,0,0,0,0,0,0,1
74,583,0,0,0,0,0,0,1,1,1,1,1,1,1
74,590,0,0,0,0,0,0,0,0,0,1,0,0,1
74,595,1,1,1,0,1,1,1,1,1,0,1,1,1
74,636,0,0,0,0,0,0,0,0,0,0,0,1,0
74,821,1,1,1,1,1,0,0,0,0,0,0,0,0
74,832,1,1,1,1,1,1,1,1,1,1,1,1,1
74,833,1,1,1,1,1,1,1,1,1,1,1,0,0
74,835,1,0,0,0,0,0,0,0,0,0,0,0,0
74,836,1,0,0,0,0,0,1,1,0,0,0,0,0
74,837,1,1,1,1,1,1,1,1,1,1,1,1,1
74,849,0,0,0,0,1,0,1,1,0,0,0,0,0
74,851,0,1,1,1,0,1,1,0,1,0,0,0,0
74,856,0,0,0,1,0,0,0,0,0,0,0,0,0
74,857,1,1,1,1,1,1,1,0,1,1,1,1,1
74,864,1,0,0,1,0,0,1,1,0,0,0,0,0
74,865,0,0,0,0,1,0,0,0,0,0,0,1,0
74,883,0,0,0,0,1,0,0,0,0,0,0,0,0
74,885,0,0,0,0,0,0,0,0,0,0,0,0,1
74,897,0,0,1,0,0,0,0,1,1,1,1,1,1
74,898,0,0,0,0,0,0,0,0,0,0,0,1,1
74,926,0,0,0,0,0,0,0,1,1,1,1,1,1
74,1010,0,1,0,0,0,0,0,0,0,0,0,0,0
75,555,1,0,0,1,1,1,1,0,0,0,0,0,0
75,582,0,0,0,0,0,0,0,0,0,0,0,0,1
75,583,0,0,0,0,0,0,0,1,0,1,0,1,1
75,595,1,1,1,1,1,1,1,1,1,1,1,1,1
75,607,0,1,1,0,1,1,1,0,1,1,1,1,0
75,618,0,0,0,1,1,1,0,0,0,0,0,0,0
75,636,0,0,0,0,0,0,0,1,1,1,1,1,0
75,743,1,0,0,0,0,0,0,0,0,0,0,0,0
75,777,0,1,0,0,0,0,0,0,0,0,0,0,0
75,817,0,0,0,1,0,0,0,1,1,1,1,0,0
75,820,0,0,0,0,0,0,1,0,0,0,0,0,0
75,821,1,1,1,1,0,0,0,0,0,0,0,0,0
75,823,0,0,0,0,1,1,1,0,1,0,0,0,0
75,825,0,0,0,0,0,0,0,0,0,1,0,0,0
75,829,0,0,0,0,0,1,0,1,0,0,0,1,1
75,830,0,0,0,1,0,0,0,0,0,0,0,0,0
75,832,1,1,1,1,1,1,1,1,1,1,1,1,1
75,833,1,1,1,1,1,1,1,1,1,1,1,0,0
75,835,1,0,0,0,0,0,0,0,0,0,0,0,0
75,836,1,1,1,0,0,0,1,1,1,1,1,1,0
75,837,1,1,1,1,1,1,1,1,1,0,1,1,1
75,839,0,0,0,0,0,0,0,0,0,0,0,0,1
75,840,0,0,0,1,0,0,0,0,0,0,0,0,0
75,842,1,0,0,1,0,0,0,0,0,0,0,0,0
75,844,1,0,0,1,1,0,1,0,0,1,0,0,0
75,849,0,0,1,1,1,1,1,1,0,0,0,0,0
75,851,0,1,1,1,0,1,1,0,0,0,0,0,0
75,856,0,0,1,1,1,1,1,0,0,0,0,0,0
75,857,0,0,1,1,0,0,0,0,0,1,1,1,1
75,864,1,1,0,0,1,1,1,1,0,0,0,0,0
75,865,0,0,0,0,0,0,0,0,0,0,0,1,0
75,883,0,0,0,0,1,0,0,0,0,0,0,0,0
75,897,0,1,0,0,0,0,0,1,1,1,1,1,1
75,898,0,0,0,0,0,0,0,0,0,0,1,1,1
75,926,0,0,0,0,0,0,0,1,1,1,1,1,1
75,1008,1,0,0,0,0,0,0,0,0,0,0,0,0
75,1010,0,1,1,0,0,0,0,0,0,0,0,0,0
75,1015,0,1,0,0,0,0,0,0,0,0,0,0,0
75,1029,1,0,0,0,0,0,0,0,0,0,0,0,0
75,1048,0,0,1,0,0,0,0,0,0,0,0,0,0
76,555,1,0,0,1,1,1,1,0,0,0,0,0,0
76,572,0,0,1,0,0,0,0,0,0,0,0,0,0
76,582,0,0,0,0,0,0,0,0,0,0,1,0,1
76,595,1,1,1,1,1,1,1,1,1,1,1,1,1
76,607,1,1,1,1,1,1,1,1,1,1,1,1,1
76,618,1,0,0,1,1,1,1,1,1,1,1,0,0
76,636,0,0,0,0,0,0,0,1,0,1,1,1,0
76,735,1,0,0,0,0,0,0,0,0,0,0,0,0
76,743,1,0,0,0,0,0,0,0,0,0,0,0,0
76,745,0,0,1,0,0,0,0,0,0,1,0,0,0
76,777,1,1,1,0,0,0,0,0,0,0,0,0,0
76,781,0,1,1,0,0,0,0,0,0,0,0,0,1
76,791,1,1,0,0,0,0,0,0,0,0,0,0,0
76,817,1,1,1,1,1,1,1,1,1,1,1,1,1
76,821,0,1,0,0,0,0,0,0,0,0,0,0,0
76,823,0,1,1,0,1,1,1,0,1,0,1,1,1
76,825,1,0,0,0,0,0,0,0,1,1,0,0,0
76,829,0,1,1,0,1,1,1,1,1,0,1,1,1
76,830,0,0,0,1,0,0,0,0,0,0,0,0,0
76,831,0,0,0,0,0,0,0,0,0,1,0,0,0
76,832,0,1,0,1,1,1,1,0,1,1,1,1,1
76,833,1,1,1,1,1,1,1,1,1,1,1,1,1
76,836,1,1,1,1,1,1,1,1,1,1,1,1,1
76,837,1,1,1,0,0,0,0,0,0,0,0,0,1
76,838,0,1,1,0,0,0,0,1,0,1,1,1,1
76,839,1,0,0,0,0,0,0,0,0,0,0,1,1
76,841,0,0,0,0,0,1,1,0,0,1,0,0,1
76,842,1,1,1,1,1,1,0,0,0,0,1,0,0
76,844,1,1,1,1,1,1,1,1,1,1,0,1,1
76,849,1,1,1,1,1,1,1,1,1,0,0,0,1
76,851,0,1,0,1,0,1,1,0,0,0,0,0,0
76,856,0,0,1,1,1,1,1,1,0,0,1,1,0
76,857,0,0,0,1,0,0,0,0,0,0,1,1,1
76,864,1,0,0,0,1,1,1,0,0,0,0,0,0
76,883,0,0,0,0,1,0,0,0,0,0,0,0,0
76,897,0,1,0,0,0,0,0,1,1,1,1,1,1
76,898,0,0,0,0,0,0,0,0,0,0,1,0,1
76,926,0,0,0,0,0,0,0,1,0,0,1,1,0
76,1010,1,1,1,0,0,0,0,0,0,0,0,0,1
76,1011,1,0,0,0,0,0,0,0,0,0,0,0,0
76,1015,1,0,0,0,0,0,0,0,0,0,0,0,0
76,1018,1,1,0,0,0,0,0,0,0,0,0,0,0
76,1022,0,1,0,0,0,0,0,0,0,0,0,0,0
76,1029,1,0,0,0,0,0,0,0,0,0,0,0,0
76,1032,0,0,0,0,1,0,0,0,0,0,0,0,0
76,1048,0,0,0,0,0,0,0,0,1,0,0,0,0
77,583,0,0,0,0,0,0,0,1,0,1,0,0,0
77,595,1,1,1,1,1,1,1,1,0,1,0,0,1
77,596,1,1,1,1,1,1,1,1,1,1,1,1,1
77,607,1,1,1,1,1,1,1,1,1,1,1,1,1
77,618,0,0,0,1,1,0,0,0,0,0,0,0,0
77,636,0,0,1,0,0,0,0,1,1,1,1,1,1
77,735,1,1,0,0,0,0,0,0,0,0,0,0,0
77,743,1,0,0,0,0,0,0,0,0,0,0,0,0
77,777,0,1,1,0,0,0,0,0,0,0,0,0,0
77,791,0,1,0,0,0,0,0,0,0,0,0,0,0
77,817,0,1,1,1,1,1,1,1,1,1,1,1,1
77,819,0,1,1,0,1,0,1,0,1,0,0,0,0
77,820,0,0,0,0,1,1,1,1,0,0,0,0,0
77,821,0,0,1,0,0,0,0,0,0,0,0,0,0
77,823,0,1,1,1,1,1,1,1,1,1,1,1,1
77,824,0,0,0,0,0,0,0,0,0,0,0,1,0
77,825,1,1,0,1,0,1,1,1,1,1,1,1,0
77,826,0,0,0,0,0,0,0,0,1,1,0,0,0
77,829,1,1,0,0,1,1,1,1,1,0,1,1,1
77,830,0,0,0,1,0,0,1,1,1,1,0,0,0
77,832,0,1,1,1,1,1,0,0,1,1,1,1,1
77,833,1,1,1,1,1,1,1,1,1,1,0,0,0
77,835,1,0,0,0,0,0,0,0,0,0,0,0,0
77,836,1,1,1,1,1,1,1,1,1,1,1,1,1
77,837,1,1,0,0,1,1,1,0,0,0,1,1,1
77,839,1,0,0,0,0,0,0,1,0,0,0,0,1
77,840,0,1,0,1,0,0,0,0,0,0,0,0,1
77,841,0,0,0,0,0,0,0,0,0,0,1,0,0
77,842,1,1,1,1,1,1,0,0,0,0,0,0,0
77,844,1,1,1,1,1,0,1,0,0,1,0,0,1
77,849,0,0,0,0,1,1,0,0,0,0,0,0,0
77,856,0,0,0,1,1,0,0,0,0,0,0,0,0
77,862,0,0,0,0,0,0,0,0,1,0,0,0,0
77,864,1,0,0,0,0,1,1,0,0,0,0,0,0
77,897,0,0,0,0,0,0,0,0,0,0,1,1,1
77,926,0,0,0,0,0,0,0,1,0,1,0,1,0
77,1008,1,0,0,0,0,0,0,0,0,0,0,0,0
77,1010,0,1,1,0,0,0,0,0,0,0,0,0,1
77,1011,1,0,0,0,0,0,0,0,0,0,0,0,0
77,1015,0,1,0,0,0,0,0,0,0,0,0,0,0
77,1018,1,1,0,0,0,0,0,0,0,0,0,0,0
77,1024,1,0,0,0,0,0,0,0,0,0,0,0,0
77,1048,0,0,1,0,0,0,0,0,1,0,0,0,0
78,595,1,0,0,0,0,0,0,0,0,0,0,0,0
78,596,0,0,1,0,1,0,0,0,0,0,0,0,0
78,607,0,1,1,1,0,1,1,1,1,0,1,1,0
78,636,0,0,0,0,0,0,0,1,0,1,1,0,0
78,817,0,0,0,1,0,1,1,1,1,1,1,1,1
78,821,0,1,0,0,0,0,0,0,0,0,0,0,0
78,823,0,1,0,0,1,1,1,0,1,0,0,1,0
78,825,0,0,0,0,0,0,0,1,1,0,0,0,0
78,829,0,0,0,0,0,1,0,1,0,0,0,0,1
78,832,1,1,1,0,1,0,1,1,1,1,0,0,0
78,833,1,1,1,1,0,1,0,1,1,1,1,0,1
78,836,1,1,1,0,0,1,1,1,1,1,1,0,0
78,837,1,0,0,0,1,0,0,0,0,0,1,1,1
78,840,0,0,0,1,0,0,0,0,0,0,0,0,1
78,842,1,1,1,1,0,0,0,0,0,0,0,0,0
78,844,1,0,1,1,1,0,0,0,0,0,0,0,0
78,849,0,0,0,0,1,1,0,0,0,0,0,0,0
78,851,1,1,0,0,0,0,1,0,0,0,0,0,0
78,856,0,0,0,1,0,0,0,0,0,0,0,0,0
78,857,0,0,0,1,0,0,0,0,0,0,1,0,0
78,897,0,0,0,0,0,0,0,0,0,1,1,1,0
78,926,0,0,0,0,0,0,0,0,0,0,0,1,0
79,595,1,1,0,0,0,0,0,0,0,1,0,1,0
79,607,1,0,1,0,0,1,1,1,1,0,1,1,1
79,817,0,0,1,1,1,1,1,1,1,1,1,1,1
79,822,0,0,1,0,0,0,0,0,0,0,0,0,0
79,823,0,0,0,0,0,1,0,0,0,0,0,0,1
79,825,0,0,0,0,0,0,0,1,1,1,1,0,1
79,829,0,0,1,0,0,1,1,1,1,0,0,1,1
79,833,1,1,1,0,0,0,0,1,1,1,1,1,1
79,836,1,1,1,1,1,1,1,1,1,1,1,1,1
79,842,1,1,0,1,0,0,0,0,0,0,0,0,0
79,844,1,1,1,1,1,1,0,1,0,1,0,0,1
79,849,0,0,1,1,1,1,1,0,0,0,0,0,0
79,851,0,1,0,0,0,0,0,0,0,0,0,0,0
79,856,0,1,0,1,0,0,1,0,0,0,0,0,0
79,857,0,0,0,0,0,0,0,0,0,0,0,1,0
79,897,0,0,0,0,0,0,0,0,0,0,0,1,0
80,595,1,0,0,0,0,0,0,0,0,1,0,0,0
80,596,1,1,1,1,1,1,1,1,0,0,0,1,1
80,607,1,1,1,1,1,1,1,1,1,1,1,1,1
80,636,0,0,0,0,0,0,0,1,0,1,1,0,0
80,777,0,1,0,0,0,0,0,0,0,0,0,0,0
80,817,1,1,1,1,1,1,1,1,1,1,1,1,1
80,819,0,0,1,0,1,1,1,1,0,0,0,0,0
80,823,1,1,1,1,1,1,1,1,1,1,1,1,1
80,824,0,0,0,0,0,0,0,0,0,0,0,1,1
80,825,1,1,1,1,1,1,1,1,1,1,1,1,1
80,826,1,0,0,0,0,0,0,1,1,0,0,1,0
80,829,1,1,1,1,1,1,1,1,1,1,1,1,1
80,830,0,0,0,0,0,0,1,0,1,1,0,0,0
80,832,0,0,0,0,1,1,0,0,0,0,0,0,0
80,833,1,1,0,0,0,0,0,0,0,0,0,0,0
80,836,1,1,1,1,1,1,1,1,1,1,1,1,1
80,837,0,0,0,0,0,0,0,0,0,0,1,1,0
80,839,0,0,0,0,0,0,0,1,0,0,0,1,1
80,840,0,0,0,0,0,0,0,0,0,0,0,0,1
80,841,0,0,1,1,1,1,1,1,1,1,1,1,1
80,842,1,1,1,1,1,1,0,0,0,0,1,0,0
80,844,1,1,1,1,1,1,1,0,0,1,0,0,1
80,849,0,0,0,0,1,0,0,0,0,0,0,0,0
80,1032,0,0,0,0,1,0,0,0,0,0,0,0,0
81,596,1,1,1,1,1,1,1,1,1,1,1,1,1
81,607,1,1,1,1,1,1,1,1,1,1,1,1,1
81,636,0,0,1,0,0,0,0,1,1,1,1,1,0
81,817,0,0,1,1,1,1,1,1,1,1,1,1,1
81,819,0,1,1,1,1,1,1,1,1,1,0,0,0
81,820,0,0,0,0,0,0,1,0,0,0,0,0,0
81,823,1,1,1,1,1,1,1,1,1,1,1,1,1
81,824,0,0,0,1,0,0,0,0,0,0,1,1,1
81,825,1,1,1,1,1,1,1,1,1,1,1,1,1
81,826,1,1,0,0,0,1,1,1,1,1,1,0,0
81,829,1,1,1,0,1,1,1,1,1,0,0,1,1
81,830,0,0,0,0,0,0,1,1,1,1,1,1,0
81,832,0,0,0,1,1,0,0,0,0,0,0,0,0
81,836,1,1,1,1,0,1,1,0,1,1,1,0,0
81,837,0,0,0,0,0,0,0,0,0,0,1,1,1
81,839,0,0,0,0,0,0,0,0,0,0,0,0,1
81,840,0,1,0,1,0,0,0,0,0,0,0,0,1
81,841,0,0,0,0,0,0,1,1,0,0,1,0,0
81,842,1,1,1,1,1,0,0,0,0,0,0,0,0
81,844,1,0,0,0,1,0,0,0,0,0,0,0,0
82,595,1,0,0,0,0,0,0,0,0,0,0,0,0
82,596,0,0,0,0,1,0,0,0,0,0,0,1,1
82,607,1,1,1,1,0,0,0,0,0,0,0,0,0
82,817,0,0,0,1,0,1,0,1,1,1,1,1,1
82,819,0,0,0,0,0,1,1,0,0,0,0,0,0
82,823,0,0,0,0,0,0,0,0,0,0,0,0,1
82,825,0,0,0,1,0,0,0,1,1,1,1,0,1
82,826,1,0,0,0,0,0,0,0,0,0,0,0,0
82,829,0,0,0,0,0,1,0,0,0,0,0,0,0
82,836,1,1,0,0,0,1,0,0,1,0,1,0,0
82,841,0,0,0,0,0,1,0,0,0,0,0,0,0
83,596,0,1,1,1,1,0,0,0,0,0,0,0,0
83,607,1,1,1,1,1,1,1,1,1,1,1,1,1
83,817,1,1,1,1,1,1,1,1,1,1,1,1,1
83,819,0,0,0,0,0,1,1,0,0,0,0,0,0
83,822,0,0,1,0,0,0,0,0,0,0,0,0,0
83,823,1,1,1,1,1,1,1,1,1,1,1,1,1
83,825,1,0,0,0,0,1,1,1,1,1,1,1,1
83,826,0,0,0,0,0,1,1,1,1,1,1,1,1
83,829,1,1,1,1,1,1,1,1,1,1,1,1,1
83,833,1,1,0,0,0,0,0,0,0,0,0,0,0
83,836,1,1,1,1,1,1,1,1,1,1,1,1,1
83,838,0,1,0,0,0,0,0,0,0,1,1,1,0
83,839,0,0,0,0,0,0,1,1,1,0,1,0,1
83,841,1,1,1,1,1,1,1,1,1,1,1,1,1
83,842,1,1,1,1,1,1,1,1,1,1,1,1,1
83,844,1,1,1,1,1,1,1,0,0,1,0,0,1
84,596,1,1,1,1,1,1,1,1,1,1,1,1,1
84,607,1,1,1,1,1,1,1,1,0,0,0,0,1
84,636,0,0,0,0,0,0,0,0,0,1,0,0,0
84,817,1,1,1,1,1,0,0,0,1,0,0,1,1
84,819,0,1,1,1,1,1,1,1,1,1,0,0,0
84,823,1,1,1,1,1,1,1,1,1,1,1,1,1
84,824,0,0,0,0,0,0,0,0,0,0,1,1,1
84,825,1,1,1,1,1,1,1,1,1,1,1,1,1
84,826,1,1,1,1,1,1,1,1,1,1,1,1,1
84,829,1,1,1,1,1,1,1,1,1,1,1,1,0
84,830,0,0,0,0,0,0,1,0,1,1,0,0,0
84,836,0,0,1,1,0,0,0,0,0,0,0,0,0
84,837,0,0,0,0,0,0,0,0,0,0,0,1,0
84,839,0,0,0,0,0,0,0,1,0,0,1,1,1
84,840,0,0,0,0,0,1,0,0,0,0,0,0,1
84,841,0,0,1,1,1,1,1,1,1,0,1,0,0
84,842,1,1,1,1,1,0,1,0,0,0,0,0,0
85,596,1,1,1,1,1,1,1,1,1,1,1,1,1
85,607,1,1,1,1,1,0,0,0,0,0,0,0,0
85,819,0,1,1,1,1,1,1,1,0,0,0,0,0
85,823,1,0,1,0,0,1,0,1,1,1,1,1,1
85,824,0,0,0,0,0,0,0,0,0,0,0,1,0
85,825,1,1,0,1,1,0,0,1,1,1,1,1,1
85,826,1,1,0,0,0,1,1,1,1,1,1,0,0
85,829,0,0,0,0,1,1,0,0,0,0,0,0,0
85,830,0,0,0,0,0,0,0,0,1,1,0,0,0
86,596,0,1,1,0,1,0,1,0,1,0,1,1,1
86,607,1,0,0,0,0,0,0,0,0,0,0,0,0
86,819,0,0,0,0,0,1,1,0,0,0,0,0,0
86,823,1,0,1,0,0,1,0,0,0,0,0,0,1
86,825,1,0,0,0,1,0,0,1,1,1,1,1,1
86,826,1,0,0,0,1,1,1,1,1,1,1,1,0
86,829,0,0,0,0,1,0,0,0,0,0,0,0,0
86,841,1,0,1,1,0,1,0,0,1,1,1,0,0
86,842,0,0,0,0,0,0,0,0,0,0,1,0,0
87,596,1,1,1,1,1,1,1,0,0,1,0,1,1
87,607,1,0,1,1,0,0,0,0,0,0,0,0,0
87,817,1,0,1,1,1,0,0,0,0,0,0,0,0
87,819,0,0,0,1,0,1,1,0,0,0,0,0,0
87,823,1,1,1,1,1,1,1,1,1,1,1,1,1
87,825,1,1,1,1,1,1,1,1,1,1,1,1,1
87,826,1,0,0,0,1,1,1,1,1,1,1,1,1
87,829,1,1,1,1,1,1,1,0,1,1,1,1,0
87,838,1,0,0,0,0,0,0,0,0,0,0,0,0
87,839,0,0,1,1,1,0,1,1,1,1,1,1,1
87,841,1,0,1,1,1,1,1,1,1,0,1,1,1
87,842,1,0,0,0,0,0,1,0,0,1,1,1,1
88,596,1,1,1,1,1,1,1,1,1,1,1,1,1
88,607,1,0,1,1,0,0,0,0,0,0,0,0,0
88,819,0,0,1,1,0,1,1,1,0,0,0,0,0
88,823,1,1,1,1,1,1,1,1,1,1,1,1,1
88,824,0,0,0,0,0,0,0,0,0,0,1,1,0
88,825,1,1,1,1,1,1,1,1,1,1,1,1,1
88,826,1,1,1,1,1,1,1,1,1,1,1,1,1
88,829,1,0,0,0,1,0,0,0,0,0,0,0,0
88,830,0,0,0,0,0,0,0,0,1,1,0,0,0
88,838,1,0,0,0,0,0,0,0,0,0,0,0,0
88,839,0,0,0,0,0,0,0,0,1,0,1,1,1
88,841,1,0,1,1,1,1,0,0,0,0,0,0,0
89,596,1,1,1,1,1,1,1,1,1,0,1,1,1
89,823,1,0,1,0,0,1,0,0,0,0,0,0,1
89,825,1,1,0,0,1,0,0,0,0,0,0,0,0
89,826,1,1,1,1,1,1,1,1,1,1,1,1,0
90,823,0,0,1,1,0,1,1,0,1,1,0,0,0
90,825,0,0,0,0,1,0,1,1,1,1,1,1,1
90,826,0,0,0,0,1,1,1,1,1,1,1,1,1
90,838,1,0,0,0,0,0,0,0,0,0,0,0,0
90,841,1,0,0,1,1,1,0,0,0,0,0,0,0
91,607,1,0,0,0,0,0,0,0,0,0,0,0,0
91,823,1,1,1,1,1,1,1,1,1,1,1,1,1
91,825,1,1,1,1,1,1,1,1,1,1,1,1,1
91,826,0,0,0,1,1,1,1,1,1,1,1,1,1
91,829,1,1,0,0,1,1,0,0,0,0,0,0,0
91,838,1,0,0,0,0,0,0,0,0,0,0,0,0
91,839,1,1,1,1,1,1,1,1,1,1,1,1,1
91,841,1,0,1,0,1,1,0,0,0,0,0,0,0
91,842,0,0,0,0,0,0,1,1,0,0,0,1,1
92,596,1,0,0,0,1,0,1,0,1,0,0,0,1
92,823,1,0,1,1,1,1,1,1,1,1,1,1,1
92,825,1,0,1,0,1,0,0,0,0,0,0,0,0
92,826,1,1,1,1,1,1,1,1,1,1,1,1,1
92,838,1,0,0,0,0,0,0,0,0,0,0,0,0
92,841,1,0,0,0,0,0,0,0,0,0,0,0,0
93,823,0,0,1,0,0,1,0,0,0,1,0,0,0
93,826,0,0,0,0,1,1,1,1,1,1,1,1,0
93,838,1,0,0,0,0,0,0,0,0,0,0,0,0
94,838,1,0,0,0,0,0,0,0,0,0,0,0,0
95,838,1,0,0,0,0,0,0,0,0,0,0,0,0
135,870,0,0,0,0,0,0,0,0,0,0,0,1,0
135,871,0,0,0,0,0,0,0,0,0,0,0,0,1
160,830,1,0,1,0,0,0,0,0,0,0,0,0,0
160,835,0,0,0,0,0,0,0,0,0,0,0,0,1
160,840,0,0,0,0,0,0,0,0,0,0,0,0,1
160,850,0,0,0,0,0,0,0,0,1,0,0,0,0
160,863,0,0,0,0,0,0,0,0,1,0,0,0,0
160,875,0,0,0,0,0,0,0,0,0,0,0,1,0
161,820,1,0,0,0,0,0,1,0,0,0,0,0,0
161,830,1,0,1,1,0,1,1,0,1,1,0,0,1
161,835,0,0,1,0,0,0,0,0,0,0,0,0,1
161,840,0,0,0,0,0,0,1,1,1,0,0,1,1
161,850,0,0,0,0,0,0,0,0,1,0,0,0,0
161,863,0,0,0,0,0,0,0,0,1,0,0,0,0
311,832,1,0,0,0,0,0,0,1,1,0,0,0,0
311,833,1,0,0,0,0,0,0,0,0,0,1,0,0
311,851,1,0,0,0,0,0,0,0,0,0,0,0,0
315,832,1,0,0,0,0,0,0,1,1,0,0,0,0
316,832,1,0,0,0,0,0,0,1,0,0,0,0,0
319,832,1,0,0,0,0,0,0,1,0,0,0,0,0
322,830,1,0,0,0,0,0,0,0,0,0,0,0,0
323,820,1,0,0,0,0,0,0,0,0,0,0,0,0
323,830,1,1,0,0,0,0,0,0,0,0,0,0,0
323,840,0,0,0,0,0,0,0,0,1,0,0,0,0
324,596,0,0,0,0,1,0,1,1,1,0,0,1,1
324,819,0,1,0,0,0,1,1,0,0,0,0,0,0
324,820,1,0,0,0,0,0,0,0,0,0,0,0,0
324,825,0,0,0,1,0,0,0,0,0,0,0,0,0
324,826,1,0,0,0,0,0,0,0,0,0,0,0,0
324,830,1,0,0,0,0,0,0,0,0,0,0,0,0
325,596,0,0,1,1,0,1,0,0,0,0,0,0,0
325,636,0,0,0,1,0,0,0,1,1,1,1,1,1
325,820,1,1,1,1,1,1,1,1,1,1,1,1,1
325,824,1,0,0,0,0,0,0,0,0,0,0,0,0
325,830,1,1,1,1,1,1,1,1,1,1,1,1,1
325,832,1,0,0,1,0,0,0,1,1,0,0,0,0
325,835,1,0,1,0,1,0,1,0,0,0,0,0,0
325,837,0,0,1,0,0,0,0,0,0,0,0,0,1
325,840,0,1,1,1,0,0,0,1,1,1,0,1,1
325,855,0,0,0,1,0,0,1,0,0,0,0,0,0
326,596,1,1,1,1,1,1,1,0,1,0,1,1,1
326,636,0,0,0,0,0,0,0,1,1,1,1,1,0
326,819,0,1,1,0,1,1,1,1,0,0,0,0,0
326,823,0,1,0,0,0,0,0,0,0,0,0,0,0
326,824,0,0,0,0,0,0,0,0,0,0,0,1,0
326,825,0,0,0,1,0,0,1,1,0,0,0,0,0
326,826,1,0,0,0,0,0,0,0,0,0,0,0,0
326,829,0,0,0,0,0,1,0,0,0,0,0,0,1
326,830,0,0,0,0,0,0,0,0,1,1,0,0,0
326,832,0,0,0,0,1,0,0,0,1,0,0,0,0
326,837,0,0,0,0,0,0,0,0,0,0,1,1,0
326,840,0,1,0,1,0,0,0,0,0,0,0,0,1
327,595,1,0,0,0,0,0,0,0,0,0,0,0,0
327,821,0,1,0,0,0,0,0,0,0,0,0,0,0
327,832,1,0,1,1,1,1,1,1,1,1,1,0,0
327,833,0,0,0,0,0,0,0,1,0,0,0,0,0
327,837,0,0,1,0,1,0,0,0,0,0,1,0,1
327,851,1,1,0,0,0,0,0,0,0,0,0,0,0
328,819,0,0,0,0,0,0,1,0,0,0,0,0,0
328,832,1,0,0,0,0,0,0,1,1,0,0,0,0
329,595,1,0,0,0,0,0,0,0,0,0,0,0,0
329,817,0,0,0,0,0,1,1,1,1,1,1,0,1
329,831,0,0,0,0,1,0,0,0,0,0,1,0,0
329,832,1,0,0,0,0,0,0,1,1,0,0,0,0
329,833,1,1,1,0,0,0,0,1,1,1,1,0,1
329,836,1,1,1,1,0,1,1,1,1,0,1,1,0
329,844,1,0,1,1,1,1,0,0,0,1,1,0,0
329,849,0,1,1,1,1,1,1,1,0,0,0,0,0
329,851,1,1,0,0,0,0,1,0,0,0,0,0,0
329,856,0,1,0,1,1,0,1,0,0,0,0,0,0
329,926,0,0,0,0,0,0,0,0,0,0,0,1,0
330,836,0,0,0,0,0,0,0,0,0,0,0,0,1
331,595,1,0,0,0,0,0,0,0,0,0,0,0,0
331,817,0,0,0,0,0,1,1,1,1,1,1,0,1
331,822,0,0,1,0,0,0,0,0,0,0,0,0,0
331,831,0,0,0,0,1,0,0,0,0,0,1,0,0
331,833,1,1,0,0,0,0,0,0,1,1,1,0,1
331,836,1,1,1,1,1,1,1,1,1,1,1,1,1
331,838,0,0,0,0,0,0,0,1,0,0,0,0,0
331,842,1,0,0,0,0,0,0,0,0,0,0,0,0
331,844,1,1,1,1,1,1,0,0,0,0,1,0,0
331,849,0,1,0,0,1,1,1,0,0,0,0,0,0
331,856,0,1,0,0,0,0,0,0,0,0,0,0,0
332,817,0,0,0,0,0,1,0,0,0,0,0,0,1
332,836,1,1,0,0,1,1,0,0,1,0,0,1,1
332,841,0,0,0,0,0,0,0,0,1,1,0,0,0
332,842,1,0,0,0,0,0,0,0,0,0,0,0,0
332,844,1,0,0,0,0,0,0,0,0,0,0,0,0
332,856,0,1,0,0,0,0,0,0,0,0,0,0,0
333,618,0,0,0,0,0,0,0,0,1,0,0,0,0
333,817,1,0,0,1,1,1,1,1,1,1,1,1,1
333,822,1,1,1,1,1,1,1,1,1,1,1,1,0
333,829,0,0,0,1,0,0,0,1,1,1,0,1,1
333,831,1,1,1,0,1,1,0,0,1,1,1,1,1
333,833,1,1,0,0,0,0,0,0,0,1,0,1,1
333,836,1,1,1,1,1,1,1,1,1,1,1,1,1
333,838,0,1,1,1,1,1,1,1,1,1,1,1,1
333,841,0,0,0,0,0,0,0,0,1,1,1,0,1
333,842,1,1,0,0,0,0,1,1,1,0,0,0,0
333,843,0,0,0,1,1,0,0,0,0,0,0,0,0
333,844,1,1,1,1,1,1,1,1,1,1,1,0,1
333,849,1,1,0,0,1,1,1,0,0,0,0,0,0
333,856,0,1,0,0,0,0,0,0,0,0,0,0,0
334,595,1,0,0,0,0,0,0,0,0,0,0,0,0
334,607,1,0,0,0,0,0,0,0,0,0,0,0,0
334,817,1,1,1,1,1,1,1,1,1,1,1,1,1
334,822,0,0,1,0,0,0,0,0,0,0,0,0,0
334,825,0,0,0,0,0,0,0,0,1,1,0,0,0
334,829,1,1,1,1,1,1,1,1,1,1,1,1,1
334,833,1,0,0,0,0,0,0,0,1,1,0,0,1
334,836,1,1,1,1,1,1,1,1,1,1,1,1,1
334,838,0,1,0,0,0,0,0,0,0,0,1,0,0
334,841,1,0,1,1,0,1,0,0,1,1,1,1,1
334,842,1,1,0,0,0,0,0,0,0,0,1,0,0
334,844,1,1,1,1,1,1,0,0,0,0,0,0,0
334,856,0,1,0,0,0,0,0,0,0,0,0,0,0
335,817,1,0,0,1,0,1,0,1,1,1,1,1,1
335,825,0,0,0,0,0,0,0,1,0,1,0,0,0
335,829,1,0,0,1,1,1,1,1,0,0,1,0,0
335,836,1,1,1,0,1,1,0,0,1,0,0,1,1
335,838,0,1,0,0,0,0,0,0,0,0,0,0,0
335,839,1,0,0,0,0,0,0,0,0,0,0,0,0
335,841,1,0,1,1,0,1,1,1,1,1,1,1,1
335,842,1,1,0,0,0,1,0,1,1,0,1,0,1
335,844,1,0,0,0,0,0,0,0,0,0,0,0,0
336,817,1,1,1,1,1,1,1,0,1,1,1,1,1
336,822,1,1,1,1,1,1,1,1,1,1,1,1,1
336,823,1,0,1,1,1,1,1,1,1,1,1,1,1
336,825,0,0,1,1,1,1,0,1,1,1,0,0,1
336,829,1,1,1,1,1,1,0,0,1,1,1,1,1
336,831,0,0,0,0,0,0,0,0,0,0,1,0,0
336,836,1,1,1,1,1,1,0,0,1,0,0,1,1
336,838,1,1,1,1,1,0,1,1,1,1,1,1,1
336,839,1,1,1,1,1,1,1,1,1,1,1,1,1
336,841,1,1,1,1,1,1,1,1,1,1,1,1,1
336,842,1,1,1,1,0,1,1,1,1,1,1,1,1
336,844,1,1,0,1,1,1,0,0,0,0,0,0,1
336,856,0,1,0,0,0,0,0,0,0,0,0,0,0
337,817,1,1,1,1,1,1,0,0,0,0,0,0,0
337,822,1,0,1,0,0,0,1,0,0,0,0,0,0
337,823,0,0,0,1,1,0,0,0,0,1,0,1,1
337,825,0,0,0,1,1,1,0,1,1,1,1,0,0
337,829,1,1,1,1,1,1,1,1,1,1,1,1,1
337,836,1,1,1,0,1,1,0,0,0,0,0,0,0
337,838,1,1,0,0,1,0,0,0,0,0,1,0,0
337,839,1,1,1,1,1,1,1,0,1,0,1,0,1
337,841,1,1,1,1,1,1,1,1,1,1,1,1,1
337,842,1,1,1,1,1,1,1,1,1,1,1,1,1
337,844,1,0,0,0,0,0,0,0,0,0,0,0,0
338,607,1,0,0,0,0,0,0,0,0,0,0,0,0
338,817,1,1,1,0,0,0,0,0,0,0,0,0,0
338,823,1,0,1,0,0,0,1,1,0,1,0,1,1
338,825,0,0,0,0,0,0,0,1,1,1,1,1,1
338,829,1,1,1,1,1,1,1,1,1,1,1,0,0
338,836,0,0,1,0,1,0,0,0,0,0,0,0,0
338,838,0,1,0,0,0,0,0,0,0,0,0,0,0
338,839,1,0,0,1,0,1,1,1,1,0,0,0,0
338,841,1,1,1,1,1,1,1,1,1,1,1,1,1
338,842,1,1,1,1,1,1,1,1,1,1,1,1,1
338,844,1,0,0,0,0,0,0,0,0,0,0,0,0
339,607,1,0,0,0,0,0,0,0,0,0,0,0,0
339,817,1,1,1,0,0,0,0,0,0,0,0,0,0
339,822,1,0,0,0,0,0,0,0,0,0,0,0,0
339,823,1,1,1,0,0,0,0,0,0,0,0,1,1
339,825,0,0,1,1,1,1,1,1,1,1,1,0,1
339,826,0,0,0,0,0,0,0,0,1,0,0,0,0
339,829,1,1,1,1,1,1,0,0,0,1,1,0,0
339,836,0,0,0,0,1,0,0,0,0,0,0,0,0
339,838,1,1,0,0,0,0,0,0,0,0,0,0,0
339,839,1,0,1,0,0,1,0,0,0,0,0,1,1
339,841,1,1,1,1,1,1,1,1,1,1,0,1,0
339,842,1,1,1,0,1,1,1,1,1,1,1,1,1
339,844,1,0,0,0,0,0,0,0,0,0,0,0,0
340,823,0,0,0,0,0,1,1,1,0,0,0,0,0
340,825,0,0,0,0,0,0,0,0,0,1,0,0,0
340,829,1,1,0,0,1,1,0,0,0,0,0,0,0
340,839,0,0,0,0,0,1,1,0,0,0,0,0,0
340,841,1,0,1,1,1,1,0,0,0,0,0,0,0
340,842,0,0,0,0,0,1,0,0,0,0,0,0,0
341,841,1,0,0,0,0,0,0,0,0,0,0,0,0
402,824,0,0,0,0,0,0,1,0,0,0,0,0,0
402,840,0,0,0,0,0,0,0,0,0,0,0,0,1
402,850,0,0,1,0,0,0,0,0,0,0,0,1,0
404,824,0,0,0,0,0,0,1,0,0,0,0,0,0
405,824,0,0,0,0,0,0,1,0,0,0,0,0,0
433,846,0,0,0,0,0,1,0,0,0,0,0,0,0
433,871,0,0,0,0,0,0,0,0,0,0,0,0,1
436,818,0,0,1,1,1,1,0,1,1,1,0,0,0
436,819,0,1,0,0,0,0,0,0,0,0,0,0,0
436,824,1,0,0,0,0,0,0,0,0,0,0,1,1
436,826,0,1,1,1,0,0,0,0,0,0,0,0,0
436,827,0,0,0,0,0,0,0,1,0,0,0,0,0
436,828,0,0,1,0,0,0,0,0,0,0,0,0,0
436,846,0,0,0,0,1,1,0,0,0,0,0,0,0
436,847,1,0,0,0,0,0,0,0,0,0,0,0,0
436,871,0,0,0,0,0,0,0,0,1,0,0,0,0
437,819,0,0,0,1,0,0,0,0,0,1,1,0,0
437,826,0,1,0,1,0,0,1,0,0,0,1,0,1
437,827,0,1,1,0,0,0,1,1,1,0,0,1,0
437,834,1,1,0,0,0,1,0,0,0,0,0,0,0
437,871,0,0,0,0,0,0,0,0,0,0,0,0,1
438,823,0,0,0,0,0,1,1,0,1,1,0,0,0
438,826,0,1,0,1,1,1,1,1,1,1,1,1,1
438,838,1,0,0,0,0,0,0,0,0,0,0,0,0
439,826,1,1,1,1,1,1,1,1,1,1,1,1,1
440,818,0,0,0,0,0,1,0,0,0,0,0,0,0
440,819,0,1,1,1,1,0,0,1,1,1,1,1,1
440,824,0,0,0,0,0,0,0,0,0,0,0,0,1
440,826,1,1,1,1,1,1,1,1,1,1,1,1,1
440,827,0,0,0,0,0,0,1,1,0,0,0,0,0
440,828,0,0,1,0,1,0,0,0,0,0,0,0,0
440,834,1,0,0,0,0,0,0,0,0,0,0,0,0
441,818,0,0,0,1,1,1,0,1,0,0,0,0,0
441,819,0,1,1,1,1,0,0,1,0,1,1,0,0
441,824,0,0,0,0,0,0,0,0,0,0,0,1,1
441,826,1,1,1,1,0,0,1,0,0,0,0,0,0
441,827,0,0,0,0,0,0,1,1,0,0,0,0,0
441,828,0,0,1,0,0,0,0,0,0,0,0,0,0
441,834,1,1,0,0,0,1,0,0,0,0,0,0,0
441,846,0,0,0,0,0,1,0,0,0,0,0,0,0
441,847,1,0,0,0,0,0,0,0,0,0,0,0,0
442,587,1,1,0,0,0,0,0,0,0,0,0,0,0
442,651,0,0,0,0,0,0,0,0,1,0,1,0,0
442,818,1,1,1,1,1,1,0,1,1,1,1,1,1
442,819,1,1,1,1,1,1,1,1,1,1,1,1,1
442,824,1,0,0,0,0,0,0,0,0,0,0,1,1
442,826,0,0,1,0,0,0,0,0,0,0,0,0,0
442,827,1,1,1,0,1,1,1,1,1,0,1,0,0
442,828,1,1,1,1,1,1,1,0,0,1,0,1,0
442,834,1,1,0,1,0,1,1,0,0,0,0,1,0
442,846,1,1,1,1,1,1,1,1,0,1,0,0,0
442,847,1,1,1,0,1,1,0,0,0,0,0,0,0
442,848,1,0,1,1,0,0,0,0,0,1,0,0,0
442,850,0,0,0,0,0,0,0,0,0,0,0,0,1
442,869,1,0,0,0,0,0,0,0,0,0,0,0,0
442,870,0,0,0,1,1,0,0,0,0,0,0,0,0
442,871,0,0,0,0,0,0,0,1,1,1,1,1,1
442,902,0,0,0,0,0,0,0,0,0,0,0,0,1
443,818,0,0,0,0,0,0,0,0,0,0,0,0,1
443,819,0,0,0,1,1,0,0,1,0,0,1,0,0
443,824,0,0,0,0,0,0,0,0,0,0,0,0,1
443,827,0,1,1,0,1,1,1,1,1,0,1,1,0
443,828,0,0,1,0,0,0,0,0,0,0,0,0,0
443,834,1,1,0,0,0,1,1,0,0,0,0,0,0
443,846,1,1,0,0,0,1,0,0,1,0,0,0,0
443,847,1,1,0,0,0,0,0,0,0,0,0,0,0
443,848,1,0,0,0,0,0,0,0,0,0,0,0,0
443,852,0,0,0,0,0,0,0,0,1,0,0,0,0
443,870,0,0,0,1,1,0,0,0,0,0,0,0,0
443,871,0,0,0,0,0,0,0,1,1,1,0,1,1
443,902,0,0,0,0,0,0,0,0,0,0,0,0,1
444,818,0,0,1,1,0,1,1,0,0,0,0,0,0
444,824,1,0,0,0,0,0,1,0,0,0,0,1,1
444,828,0,0,1,0,0,0,0,0,0,0,0,0,0
444,846,0,1,0,0,1,1,0,0,0,0,0,0,0
444,847,1,1,0,0,0,0,0,0,0,0,0,0,0
444,848,1,0,0,0,0,0,0,0,0,0,0,0,0
444,850,0,0,0,0,0,0,0,0,0,0,0,0,1
444,852,0,0,0,0,0,0,0,0,1,0,0,0,0
444,870,0,0,0,1,1,0,1,0,0,0,0,0,0
444,871,0,0,0,0,0,0,0,1,1,0,0,0,1
444,902,0,0,0,0,0,0,0,0,0,0,0,1,1
445,587,1,0,0,0,0,0,0,0,0,0,0,0,0
445,818,0,0,0,0,0,0,0,0,0,0,0,1,1
445,824,0,0,0,0,0,0,0,0,0,0,0,0,1
445,827,0,1,0,0,0,0,1,1,1,0,1,0,0
445,846,1,1,1,1,0,1,1,1,1,0,0,0,0
445,847,1,1,1,0,0,1,0,0,0,0,0,0,0
445,848,1,1,0,0,0,0,0,0,0,0,0,0,0
445,852,0,0,0,0,1,1,0,1,1,1,0,1,1
445,866,0,0,0,1,0,0,1,0,0,0,0,0,0
445,870,1,1,0,1,1,0,1,1,0,0,0,0,0
445,871,1,0,1,0,0,0,0,1,1,1,1,1,1
445,877,0,0,0,0,0,0,0,0,0,0,1,1,1
445,886,1,0,0,0,0,0,0,0,0,0,0,0,0
445,902,0,0,0,0,0,0,0,0,0,0,0,1,1
446,557,1,0,0,0,0,0,0,0,0,0,0,0,0
446,846,0,1,0,1,0,1,0,0,0,0,0,0,0
446,847,1,0,1,0,0,0,0,0,0,0,0,0,0
446,848,1,1,0,0,0,0,0,0,0,0,0,0,0
446,852,0,0,0,0,1,1,1,1,1,0,0,0,1
446,870,0,0,0,1,1,0,1,0,0,0,0,0,0
446,871,1,0,1,0,0,0,0,1,1,0,1,0,0
446,877,0,0,0,0,0,0,0,0,0,1,1,1,1
446,888,0,0,0,0,0,0,0,1,0,0,0,0,0
446,902,0,0,0,0,0,0,0,0,0,0,0,1,1
447,852,0,0,0,0,0,0,0,1,0,0,0,0,0
447,870,0,0,0,0,0,0,1,0,0,0,0,0,0
448,824,0,0,1,0,0,0,0,0,0,0,0,0,0
448,828,1,0,0,0,0,0,0,0,0,0,0,0,0
448,850,0,0,0,0,0,0,0,1,0,0,0,0,0
448,852,1,0,0,1,1,0,1,1,0,0,0,0,0
448,870,0,0,0,0,0,0,1,0,0,0,0,0,0
448,871,1,0,1,0,0,0,1,0,1,0,0,0,0
448,872,0,0,0,0,0,0,0,1,0,0,0,0,0
448,874,0,0,0,0,0,0,0,1,0,0,1,0,0
448,877,0,0,0,0,0,0,0,0,0,1,1,1,1
448,888,0,0,0,0,0,0,0,1,0,0,0,0,0
448,902,0,0,0,0,0,0,0,1,0,0,0,1,0
448,914,0,0,0,0,0,0,0,0,1,0,0,0,0
449,557,1,0,0,0,0,0,0,0,0,0,0,0,0
449,818,1,1,1,1,0,0,1,0,0,0,0,1,0
449,824,1,0,1,1,0,0,1,0,0,0,0,1,1
449,828,1,1,1,0,0,0,0,0,0,0,0,0,0
449,846,1,1,0,1,1,1,1,0,0,0,0,0,0
449,847,1,1,1,0,1,0,0,0,0,0,0,0,0
449,848,1,1,0,0,0,0,0,0,0,0,0,0,0
449,850,0,0,0,0,0,0,0,1,0,0,0,0,1
449,852,1,0,0,0,1,1,0,1,1,0,0,0,0
449,870,0,0,0,1,1,0,1,0,0,0,0,0,0
449,871,1,0,1,1,0,1,1,1,1,1,1,0,0
449,877,0,0,0,0,0,0,0,0,0,1,1,1,1
449,902,0,0,0,0,0,0,0,1,1,0,1,1,1
449,914,0,0,0,0,0,0,0,0,0,0,0,1,1
450,852,0,0,0,0,0,0,0,1,0,0,0,0,0
450,871,0,0,0,0,0,0,0,0,1,0,0,0,0
450,902,0,0,0,0,0,0,0,0,0,0,0,1,0
451,824,0,0,1,0,0,0,1,0,0,0,0,0,0
451,850,0,0,1,0,0,0,0,1,0,0,0,0,0
452,818,0,0,1,0,0,0,1,0,0,0,0,0,0
452,824,1,0,1,1,0,1,1,1,1,0,0,0,0
452,828,1,0,0,0,0,0,0,0,0,0,0,0,0
452,850,0,0,1,0,0,0,0,1,0,1,0,1,1
452,852,1,0,0,0,0,0,0,0,0,0,0,0,0
452,871,0,0,0,0,0,0,1,0,1,0,0,0,0
452,877,0,0,0,0,0,0,0,0,0,1,0,0,0
452,902,0,0,0,0,0,0,0,0,0,0,0,1,0
452,914,0,0,0,0,0,0,0,0,1,0,0,1,0
453,824,0,0,1,0,0,0,1,0,0,0,0,0,0
453,850,0,0,0,0,0,0,0,1,0,0,0,0,0
453,914,0,0,0,0,0,0,0,0,1,0,0,1,0
454,824,0,0,1,0,0,0,0,0,0,0,0,0,0
454,850,0,0,0,0,0,0,0,1,0,0,0,0,0
454,852,1,0,1,1,1,0,1,1,0,0,0,0,0
454,858,0,0,0,0,0,0,0,0,0,0,0,1,1
454,871,0,0,1,0,0,1,1,0,1,0,0,0,0
454,872,1,0,0,0,1,1,0,1,1,1,0,0,0
454,874,0,0,0,0,0,0,0,1,1,1,1,0,0
454,877,0,0,0,0,0,0,0,1,1,0,1,1,1
454,887,0,0,0,0,0,0,0,0,0,0,1,1,0
454,888,0,0,1,0,0,0,0,0,0,0,0,0,0
454,890,1,0,0,0,0,0,0,0,0,0,0,0,0
454,896,0,0,0,1,0,0,0,0,0,0,0,0,0
454,902,0,0,0,0,0,0,1,1,1,0,1,1,0
454,914,0,0,0,0,0,0,0,0,1,0,0,1,1
454,930,0,0,0,0,0,0,0,0,0,0,0,0,1
455,850,0,0,0,0,0,0,0,1,0,0,0,0,0
457,852,0,0,0,0,0,0,0,1,0,0,0,0,0
461,852,0,0,0,0,0,0,0,1,0,0,0,0,0
461,877,0,0,0,0,0,0,0,0,0,0,0,1,1
461,888,0,0,0,0,0,0,0,1,0,0,0,0,0
467,846,0,0,0,0,0,1,0,0,0,0,0,0,0
467,870,0,0,0,0,0,0,1,0,0,0,0,0,0
467,871,0,0,0,0,0,0,0,0,0,0,0,0,1
468,871,0,0,0,0,0,0,0,0,0,0,0,0,1
479,824,0,0,0,0,0,0,1,0,0,0,0,0,0
480,818,1,1,1,1,1,1,1,1,1,1,0,0,0
480,824,1,0,1,1,0,1,1,1,1,1,1,1,1
480,828,1,1,1,0,0,0,0,0,0,0,0,0,0
480,846,0,1,0,0,1,1,0,0,0,0,0,0,0
480,847,1,0,0,1,0,0,0,0,0,0,0,0,0
480,850,0,0,1,0,0,0,0,1,0,1,0,1,1
480,852,1,0,0,0,0,0,0,0,0,0,0,0,0
480,862,0,0,1,1,0,0,0,0,0,0,0,0,0
480,871,0,0,0,0,0,0,0,0,1,0,0,0,0
480,877,0,0,0,0,0,0,0,0,0,1,0,0,0
480,879,0,1,0,0,0,0,0,0,0,0,0,0,0
480,902,0,0,0,0,0,0,0,0,0,0,1,1,0
481,818,0,0,0,1,0,1,0,0,0,0,0,0,0
481,824,1,0,0,0,0,1,1,1,1,0,0,0,0
481,828,1,0,0,0,0,0,0,0,0,0,0,0,0
481,850,0,0,1,0,0,0,0,0,0,0,0,1,0
481,862,0,0,0,1,0,0,0,0,0,0,0,0,0
482,818,0,1,1,1,1,1,0,0,0,1,0,0,0
482,824,1,0,0,0,0,0,1,1,1,1,1,0,0
482,828,1,1,1,0,0,0,0,0,0,0,0,0,0
482,850,0,0,1,0,0,0,0,0,0,0,0,1,0
482,862,0,1,1,1,1,0,1,0,0,0,0,1,0
482,879,0,1,0,0,0,0,0,0,0,0,0,0,0
483,609,0,0,0,1,0,0,0,0,0,0,0,0,0
483,636,1,0,0,0,0,0,0,0,0,0,0,0,0
483,672,1,1,0,0,0,0,0,0,0,0,0,0,0
483,818,0,1,1,1,1,1,0,0,1,1,0,0,0
483,820,1,0,0,0,0,0,1,0,0,0,0,1,0
483,824,1,1,0,1,1,1,1,1,1,1,1,1,0
483,828,1,0,0,0,0,0,0,0,0,0,0,0,0
483,830,1,1,1,0,0,0,0,0,0,0,0,0,0
483,840,1,0,1,0,0,1,1,0,1,1,1,1,1
483,850,1,0,1,1,0,0,0,0,1,1,0,1,1
483,862,1,1,1,1,1,0,1,0,0,0,0,1,0
483,879,1,1,0,0,0,0,0,0,0,0,0,0,0
483,884,0,0,1,0,0,0,0,0,0,0,0,0,0
484,609,0,0,0,1,0,0,0,0,0,0,0,0,0
484,820,1,0,0,1,0,0,1,1,0,1,1,1,0
484,824,0,0,0,0,1,0,1,1,1,1,1,0,0
484,830,1,1,1,1,1,1,1,0,0,1,1,0,1
484,835,0,0,1,0,0,0,0,0,0,0,0,0,0
484,840,1,0,1,0,0,1,1,1,1,1,0,1,1
484,850,0,0,0,1,0,0,0,0,1,0,0,1,0
484,858,1,0,0,0,0,0,0,0,0,0,0,0,0
484,862,1,1,0,0,0,0,0,0,0,0,0,0,0
484,879,1,0,0,0,0,0,0,0,0,0,0,0,0
484,884,0,0,1,0,0,0,0,0,0,0,0,0,0
485,820,1,0,0,0,0,0,0,0,0,0,0,0,0
485,830,1,0,0,0,0,0,0,0,0,0,0,0,0
485,840,0,0,0,0,0,0,0,0,0,0,0,1,0
485,850,0,0,0,0,0,0,0,0,0,0,0,1,0
488,824,0,0,0,0,0,0,1,0,0,0,0,0,0
489,818,1,1,1,1,1,1,1,1,1,1,0,0,0
489,824,1,0,0,0,0,1,1,1,1,1,1,1,1
489,826,1,0,0,0,0,0,0,0,0,0,0,0,0
489,828,1,1,1,0,0,0,0,0,0,0,0,0,0
489,846,0,0,0,0,1,0,0,0,0,0,0,0,0
489,847,1,0,0,0,0,0,0,0,0,0,0,0,0
489,862,0,0,1,1,0,0,0,0,0,0,0,0,0
492,826,1,0,0,0,0,0,0,0,0,0,0,0,0
493,596,1,0,0,0,1,1,1,1,1,0,1,1,1
493,818,0,0,0,0,0,1,0,0,0,0,0,0,0
493,824,0,0,0,0,0,0,0,0,0,0,1,0,0
493,826,1,1,1,1,0,0,0,0,0,0,0,0,0
494,826,0,1,0,0,0,0,0,0,0,0,0,0,0
496,826,1,0,0,0,0,0,0,0,0,0,0,0,0
497,826,1,1,0,1,1,1,1,1,1,1,0,1,0
511,817,0,0,0,0,0,1,0,0,0,0,0,0,0
511,822,1,0,0,0,0,0,0,0,1,0,0,0,0
511,823,1,1,1,1,1,0,0,1,0,0,1,0,0
511,825,0,0,1,0,0,0,0,0,0,0,0,0,0
511,838,1,0,0,0,0,0,0,0,0,0,0,0,0
511,839,1,0,0,0,0,0,0,0,0,0,0,0,0
511,841,1,0,0,0,0,0,0,0,1,1,1,0,0
512,823,0,1,1,1,1,1,1,1,1,1,1,1,1
512,826,0,0,0,0,0,0,0,0,0,0,0,0,1
512,838,1,0,0,0,0,0,0,0,0,0,0,0,0
514,831,0,0,0,0,1,0,0,0,0,0,1,0,0
514,833,0,0,0,0,0,0,0,0,0,1,0,0,0
514,836,0,0,0,0,0,0,0,0,0,0,0,1,1
514,844,1,1,0,0,1,0,0,0,0,0,1,0,0
514,856,0,1,0,0,0,0,0,0,0,0,0,0,0
515,838,1,0,0,0,0,0,0,0,0,0,0,0,0
515,844,1,1,0,0,0,0,0,0,0,0,0,0,0
516,831,0,0,0,0,0,0,0,0,0,0,0,1,0
516,844,1,1,0,0,0,0,0,0,0,0,0,0,0
516,853,1,0,0,0,0,0,0,0,0,0,0,0,0
516,861,0,1,1,1,1,0,0,0,0,0,0,0,0
517,861,0,0,1,0,0,0,0,0,0,0,0,0,0
521,861,0,0,1,0,1,0,0,0,0,0,0,0,0
522,608,1,0,0,0,0,0,0,0,0,0,0,0,0
522,831,0,0,0,0,0,1,0,1,1,0,0,1,1
522,843,1,1,0,0,0,0,0,0,0,0,0,0,0
522,844,1,0,0,0,0,0,0,0,0,0,0,0,0
522,849,0,0,1,0,0,0,0,0,1,0,1,1,0
522,853,1,0,0,0,1,0,1,1,0,0,1,1,0
522,861,1,1,1,1,1,1,0,0,0,1,0,0,0
525,831,0,0,0,0,1,1,0,0,1,0,1,1,0
525,843,0,0,0,1,0,0,0,0,0,0,0,0,0
525,844,1,1,0,0,0,0,0,0,0,0,0,0,0
525,849,0,0,0,0,0,0,1,0,0,0,1,0,0
525,853,1,0,0,0,0,0,1,0,0,0,0,0,0
525,856,0,1,0,0,0,0,0,0,0,0,0,0,0
526,833,1,0,0,0,0,0,0,0,0,0,0,0,0
526,849,0,0,1,0,0,0,0,0,0,0,1,1,0
526,851,0,0,0,0,1,0,0,0,0,0,0,0,0
526,853,1,0,0,0,0,1,1,1,0,0,0,0,0
526,856,1,0,0,0,0,0,0,0,0,0,0,0,0
526,864,1,0,0,0,0,0,0,0,0,0,0,0,0
526,865,1,0,0,0,0,0,0,0,0,0,0,0,0
526,897,0,0,0,0,0,0,0,1,0,0,0,0,0
529,831,0,0,0,1,1,1,0,0,1,1,1,1,1
529,833,1,1,0,0,0,0,0,0,0,1,0,0,0
529,844,1,1,0,0,0,0,0,0,0,1,0,0,0
529,849,0,1,1,0,0,1,1,0,0,0,1,1,0
529,851,1,0,0,0,1,0,0,0,0,0,0,0,0
529,853,1,0,0,0,1,0,1,0,0,0,0,0,0
529,856,1,1,0,0,0,0,0,0,0,0,0,0,1
530,832,0,0,0,0,0,0,0,1,0,0,0,0,0
530,833,1,0,0,0,0,0,0,0,1,0,0,0,0
530,849,0,0,0,0,0,1,0,0,0,0,0,0,0
530,851,1,0,1,1,1,0,0,0,0,0,0,0,0
530,856,1,0,0,0,0,0,0,0,0,0,0,0,0
530,857,0,1,0,0,0,0,0,0,0,0,0,0,0
530,864,1,0,0,0,0,0,0,0,0,0,0,0,0
530,897,0,0,0,0,0,0,0,1,0,0,0,0,0
531,832,0,0,0,0,0,0,0,1,0,0,0,0,0
532,832,1,0,0,0,0,0,0,1,0,0,0,0,0
534,832,0,0,0,0,0,0,0,1,0,0,0,0,0
534,833,0,0,0,0,0,0,0,1,0,0,0,0,0
534,837,0,0,0,0,0,0,0,1,0,0,0,0,0
534,864,0,0,0,0,0,0,0,1,0,0,0,0,0
546,837,0,0,0,0,0,0,0,1,1,0,0,0,0
550,835,0,0,1,0,0,0,0,0,0,0,0,0,0
552,837,0,0,0,0,0,0,0,0,1,0,0,0,0
553,821,0,0,0,0,0,0,0,1,0,1,0,0,1
553,835,1,0,1,0,0,0,0,0,1,0,0,0,0
553,837,0,0,0,0,0,0,0,1,1,0,0,0,0
553,855,0,0,0,1,0,0,0,0,0,0,0,0,0
553,863,1,0,0,0,0,0,0,0,0,0,0,0,0
553,875,0,0,1,0,0,0,0,0,0,0,0,0,0
553,907,0,0,0,0,1,0,0,0,0,0,0,0,0
